codigo,placa,linha,latitude,longitude,dataHora,velocidade,id_migracao_trajeto,sentido,trajeto,hodometro,direcao,ignicao
901008,,22,-23.000169,-43.346738,1740100982000,0.0,,volta,22 - JARDIM OCEÂNICO X ALVORADA (PARADOR) [VOLTA],150786.3,279,1.0
901011,RIV8A74,53,-23.000918,-43.367393,1740099842000,0.0,,volta,53 - ALVORADA X SULACAP (EXPRESSO) [VOLTA],161244.1,136,0.0
901018,,53,-22.920493,-43.396729,1740100700000,52.8,,ida,53 - SULACAP X ALVORADA (EXPRESSO) [IDA],132047.299,198,1.0
901012,,22,-23.000728,-43.367285,1740099439000,0.0,,ida,22 - ALVORADA X JARDIM OCEÂNICO (PARADOR) [IDA],134821.6,85,0.0
901014,,22,-23.006505,-43.31287,1740100987000,0.0,,volta,22 - JARDIM OCEÂNICO X ALVORADA (PARADOR) [VOLTA],160452.4,266,1.0
901007,,53,-23.000753,-43.366152,1740099705000,0.0,,volta,53 - ALVORADA X SULACAP (EXPRESSO) [VOLTA],153783.6, ,0.0
901009,,40,-22.920113,-43.367855,1740100980000,2.2,,volta,40 - ALVORADA X PAULO DA PORTELA (EXPRESSO) [VOLTA],116839.2,59,1.0
901013,,22,-23.000998,-43.364394,1740100795000,11.2,,ida,22 - ALVORADA X JARDIM OCEÂNICO (PARADOR) [IDA],153917.0,234,1.0
901010,RJM8G30,35,-22.944457,-43.372127,1740100979000,56.2,,volta,35 - ALVORADA  X  MADUREIRA (PARADOR) [VOLTA],167992.6, ,1.0
901015,,46,-23.001004,-43.364995,1740094837000,0.0,,volta,46 - ALVORADA X PENHA (EXPRESSO) [VOLTA],165168.7, ,0.0
901047,,52,-22.927819,-43.396054,1740100981000,10.4,,volta,52 - T. ALVORADA X T. DEODORO (PARADOR) [VOLTA],38739.5,334,1.0
901017,,52,-23.000721,-43.367906,1740100718000,14.6,,volta,52 - T. ALVORADA X T. DEODORO (PARADOR) [VOLTA],135965.8,79,1.0
901063,,51,-23.008669,-43.440368,1740100934000,0.0,,volta,51 - T. RECREIO X T.DEODORO (PARADOR) [VOLTA],226528.5,53,1.0
902319,,60,-22.849122,-43.397294,1740099174000,0.0,,ida,60 - TERMINAL DEODORO X TIG (PARADOR) [IDA],16094.4,110,0.0
901006,RJA9F56,22,-23.000898,-43.365618,1740100531000,0.0,,ida,22 - ALVORADA X JARDIM OCEÂNICO (PARADOR) [IDA],156162.4,252,1.0
901005,RJB8E53,51,-22.881475,-43.399831,1740100985000,60.2,,ida,51 - T. DEODORO X T. RECREIO (PARADOR) [IDA],196432.0,188,1.0
901004,RJQ8J80,52,-22.857941,-43.392269,1740100801000,0.0,,ida,52 - T. DEODORO X T. ALVORADA (PARADOR) [IDA],175627.9,241,1.0
902095,,40,-22.876905,-43.32975,1740099788000,0.0,,ida,40 - PAULO DA PORTELA X ALVORADA (EXPRESSO) [IDA],93648.7, ,0.0
902375,,51,-23.003613,-43.433609,1740100968000,21.1,,volta,51 - T. RECREIO X T.DEODORO (PARADOR) [VOLTA],3193.9,52,1.0
13409,KPY9733,10,-22.915786,-43.628365,1682554213000,0.0,,ida,10- SANTA CRUZ X ALVORADA ( EXPRESSO ),22420.5, ,
KXM6403 SAVEIRO,KXM6403,0,-23.000864,-43.363499,1740099667000,0.0,,,,19507.0, ,0.0
902090,,40,-22.876856,-43.329612,1740100099000,0.0,,ida,40 - PAULO DA PORTELA X ALVORADA (EXPRESSO) [IDA],92524.8, ,0.0
KRA7040 - GOL,KRA7040,0,-22.956928,-43.390555,1740094239000,0.0,,,,48527.4, ,0.0
902334,,60,-22.849188,-43.397423,1740100965000,0.0,,ida,60 - TERMINAL DEODORO X TIG (PARADOR) [IDA],59841.9,110,1.0
LSG7008 ACELLO INFRA,LSG7008,0,-22.964554,-43.391436,1737230583000,0.0,,,,49467.5, ,0.0
KXE9191 PKP,KXE9191,0,-22.971352,-43.400292,1740100609000,0.0,,,,11566.6, ,0.0
901057,,22,-22.964542,-43.391981,1740098099000,0.0,,ida,22 - ALVORADA X JARDIM OCEÂNICO (PARADOR) [IDA],209095.5,335,0.0
901003,RKM8C54,22,-23.00104,-43.364519,1740100462000,0.0,,ida,22 - ALVORADA X JARDIM OCEÂNICO (PARADOR) [IDA],164508.9,252,1.0
902455,,80,-22.89855,-43.211532,1740099670000,4.3,,volta,80 - TIG X PENHA (PARADOR) [VOLTA],62067.6,120,1.0
KWB9798 - APOIO VAN,KWB9798,0,-23.000835,-43.364992,1740099888000,0.0,,,,4274.7, ,0.0
901002,,52,-22.875741,-43.405414,1740100975000,16.9,,volta,52 - T. ALVORADA X T. DEODORO (PARADOR) [VOLTA],140265.9,326,1.0
902313,,60,-22.853598,-43.383942,1740100974000,0.0,,ida,60 - TERMINAL DEODORO X TIG (PARADOR) [IDA],77928.1, ,1.0
902103,,35,-22.955331,-43.377251,1740100985000,29.7,,volta,35 - ALVORADA  X  MADUREIRA (PARADOR) [VOLTA],101043.9,49,1.0
901001,RJD7J89,22,-23.000933,-43.365043,1740096825000,0.0,,ida,22 - ALVORADA X JARDIM OCEÂNICO (PARADOR) [IDA],148751.3,141,0.0
901050,,35,-23.000385,-43.368708,1740100315000,27.2,,volta,35 - ALVORADA  X  MADUREIRA (PARADOR) [VOLTA],168618.6,355,1.0
901077,,52,-22.964503,-43.391746,1740100979000,0.0,,ida,52 - T. DEODORO X T. ALVORADA (PARADOR) [IDA],145833.1, ,1.0
903045,,17,-22.920458,-43.607238,1740100980000,0.0,,volta,17 - SANTA CRUZ X CAMPO GRANDE (PARADOR) [VOLTA],74005.9,177,1.0
902119,,41,-23.001009,-43.365437,1740100984000,0.0,,volta,41 - TERMINAL RECREIO X PAULO DA PORTELA (EXPRESSO) [VOLTA],99352.1, ,1.0
901058,,51,-22.965146,-43.391301,1740098940000,0.0,,volta,51 - T. RECREIO X T.DEODORO (PARADOR) [VOLTA],214375.1,81,0.0
902105,,41,-22.876353,-43.329943,1740100245000,0.0,,volta,41 - TERMINAL RECREIO X PAULO DA PORTELA (EXPRESSO) [VOLTA],96159.6, ,0.0
901071,,53,-22.9129,-43.400517,1740100859000,55.9,,volta,53 - ALVORADA X SULACAP (EXPRESSO) [VOLTA],205552.4,327,1.0
903027,,42,-22.839633,-43.239601,1740100960000,0.0,,ida,42 - GALEÃO X MADUREIRA MANANCEIA (PARADOR) [IDA],550.6,141,1.0
901066,,0,-23.001423,-43.367656,1740100924000,0.0,,,,195025.8,96,1.0
903026,,42,-22.841849,-43.275452,1740100974000,8.0,,volta,42 - MADUREIRA MANANCEIA X GALEAO (PARADOR) [VOLTA],214624.1,82,1.0
903029,,42,-22.839775,-43.239502,1740100977000,0.0,,ida,42 - GALEÃO X MADUREIRA MANANCEIA (PARADOR) [IDA],146761.4,148,1.0
902116,,35,-22.876411,-43.330421,1740099188000,0.0,,ida,35 - MADUREIRA X ALVORADA (PARADOR) [IDA],103446.2, ,0.0
902115,,0,-22.876017,-43.329414,1725089581000,0.0,,,,54751.3, ,0.0
903028,,38,-22.954934,-43.376845,1740100981000,58.4,,ida,38 - FUNDÃO X ALVORADA (PARADOR) [IDA],212836.6,234,1.0
901061,,51,-22.85359,-43.384094,1740100977000,13.0,,ida,51 - T. DEODORO X T. RECREIO (PARADOR) [IDA],235909.1,292,1.0
903030,,38,-22.876554,-43.329543,1740079433000,0.0,,ida,38 - FUNDÃO X ALVORADA (PARADOR) [IDA],0.0, ,0.0
903057,,17,-22.920533,-43.60797,1687766399000,0.0,,ida,17 - SANTA CRUZ X CAMPO GRANDE (PARADOR) [IDA],12199.8, ,
901051,,35,-22.96577,-43.391366,1740099825000,0.0,,ida,35 - MADUREIRA X ALVORADA (PARADOR) [IDA],152498.2, ,0.0
901064,,52,-22.925523,-43.397338,1740100969000,53.7,,ida,52 - T. DEODORO X T. ALVORADA (PARADOR) [IDA],223999.6,153,1.0
902107,,43,-22.876337,-43.329757,1740100405000,0.0,,ida,43 - FUNDÃO X SANTA EFIGENIA (EXPRESSO) [IDA],104899.5, ,0.0
901049,,51,-22.853893,-43.384062,1740100664000,0.0,,ida,51 - T. DEODORO X T. RECREIO (PARADOR) [IDA],98714.2,132,1.0
901073,,53,-22.965718,-43.391312,1740100966000,0.0,,ida,53 - SULACAP X ALVORADA (EXPRESSO) [IDA],26373.6, ,1.0
901048,,22,-22.964579,-43.39159,1740100712000,0.0,,ida,22 - ALVORADA X JARDIM OCEÂNICO (PARADOR) [IDA],170806.8, ,0.0
901065,,51,-23.008452,-43.439813,1740100986000,0.0,,volta,51 - T. RECREIO X T.DEODORO (PARADOR) [VOLTA],200846.1,70,1.0
903031,,42,-22.839954,-43.23944,1740100973000,0.0,,ida,42 - GALEÃO X MADUREIRA MANANCEIA (PARADOR) [IDA],157453.6,141,1.0
902092,,40,-22.876425,-43.330248,1740096960000,0.0,,ida,40 - PAULO DA PORTELA X ALVORADA (EXPRESSO) [IDA],96685.3, ,0.0
903032,,38,-22.876605,-43.329522,1740099018000,0.0,,ida,38 - FUNDÃO X ALVORADA (PARADOR) [IDA],138097.1, ,0.0
901075,,53,-22.965142,-43.391235,1740100974000,0.0,,ida,53 - SULACAP X ALVORADA (EXPRESSO) [IDA],228059.8,302,1.0
903055,,17,-22.902163,-43.558633,1740100972000,26.1,,ida,17 - CAMPO GRANDE  X SANTA CRUZ (PARADOR) [IDA],63994.9,256,1.0
902112,,40,-22.876432,-43.329923,1740094148000,0.0,,ida,40 - PAULO DA PORTELA X ALVORADA (EXPRESSO) [IDA],96893.1, ,0.0
903037,,17,-22.917827,-43.68424,1740100978000,0.0,,volta,17 - SANTA CRUZ X CAMPO GRANDE (PARADOR) [VOLTA],80462.9,73,1.0
903002,,38,-22.984162,-43.36565,1740100980000,25.6,,volta,38 - ALVORADA X FUNDÃO (PARADOR) [VOLTA],26742.6,359,1.0
901080,,22,-23.00072,-43.367952,1740100866000,20.8,,ida,22 - ALVORADA X JARDIM OCEÂNICO (PARADOR) [IDA],202898.4,88,1.0
902110,,43,-22.876437,-43.330285,1740098123000,0.0,,ida,43 - FUNDÃO X SANTA EFIGENIA (EXPRESSO) [IDA],95916.7, ,0.0
902114,,0,-22.876846,-43.329889,1740100987000,0.4,,,,84246.3,259,1.0
902078,,41,-22.876509,-43.3297,1740097761000,0.0,,volta,41 - TERMINAL RECREIO X PAULO DA PORTELA (EXPRESSO) [VOLTA],98672.9, ,0.0
902111,,41,-22.876399,-43.330157,1740096250000,0.0,,volta,41 - TERMINAL RECREIO X PAULO DA PORTELA (EXPRESSO) [VOLTA],99554.5, ,0.0
902025,,40,-22.87639,-43.329716,1740099421000,0.0,,ida,40 - PAULO DA PORTELA X ALVORADA (EXPRESSO) [IDA],90719.4, ,0.0
903054,,17,-22.901106,-43.553167,1740100273000,0.0,,ida,17 - CAMPO GRANDE  X SANTA CRUZ (PARADOR) [IDA],136678.0,79,1.0
903021,,38,-22.876103,-43.329665,1733324691000,0.0,,ida,38 - FUNDÃO X ALVORADA (PARADOR) [IDA],156790.4, ,0.0
903056,,14,-22.920247,-43.60791,1740100690000,0.0,,ida,14 - SANTA EUGÊNIA X TERMINAL RECREIO (EXPRESSO) [IDA],141058.6,175,0.0
903000,,42,-22.855733,-43.255599,1740100980000,41.0,,ida,42 - GALEÃO X MADUREIRA MANANCEIA (PARADOR) [IDA],161389.2,216,1.0
903058,,17,-22.919541,-43.607922,1740100572000,0.0,,volta,17 - SANTA CRUZ X CAMPO GRANDE (PARADOR) [VOLTA],71873.6, ,0.0
901072,,53,-22.964464,-43.392174,1740100259000,0.0,,ida,53 - SULACAP X ALVORADA (EXPRESSO) [IDA],178076.3, ,0.0
902045,,41,-22.876404,-43.329826,1740098036000,0.0,,volta,41 - TERMINAL RECREIO X PAULO DA PORTELA (EXPRESSO) [VOLTA],114014.0, ,0.0
903008,,42,-22.839743,-43.239625,1740100980000,0.0,,ida,42 - GALEÃO X MADUREIRA MANANCEIA (PARADOR) [IDA],157460.8,143,1.0
903007,,42,-22.876075,-43.329373,1739878631000,0.0,,ida,42 - GALEÃO X MADUREIRA MANANCEIA (PARADOR) [IDA],187800.9, ,0.0
903004,,42,-22.837789,-43.287089,1740100966000,49.2,,ida,42 - GALEÃO X MADUREIRA MANANCEIA (PARADOR) [IDA],144876.6,272,1.0
903006,,38,-22.972537,-43.386343,1740100973000,35.8,,ida,38 - FUNDÃO X ALVORADA (PARADOR) [IDA],164555.5,127,1.0
901046,,35,-23.001946,-43.36468,1740100726000,0.0,,volta,35 - ALVORADA  X  MADUREIRA (PARADOR) [VOLTA],4058.4,58,0.0
903005,,42,-22.85513,-43.2525,1740100984000,0.0,,volta,42 - MADUREIRA MANANCEIA X GALEAO (PARADOR) [VOLTA],150268.2,104,1.0
903022,,42,-22.881888,-48.474795,1740097549000,0.0,,ida,42 - GALEÃO X MADUREIRA MANANCEIA (PARADOR) [IDA],211997.7,102,0.0
903035,,17,-22.912908,-43.594553,1740100988000,0.0,,volta,17 - SANTA CRUZ X CAMPO GRANDE (PARADOR) [VOLTA],12309.1,68,1.0
901059,,51,-22.965389,-43.391003,1740100577000,0.0,,volta,51 - T. RECREIO X T.DEODORO (PARADOR) [VOLTA],223254.6, ,0.0
903003,,42,-22.839251,-43.283152,1740100984000,3.2,,volta,42 - MADUREIRA MANANCEIA X GALEAO (PARADOR) [VOLTA],144998.7,165,1.0
901019,,22,-22.965355,-43.391694,1740100853000,0.0,,ida,22 - ALVORADA X JARDIM OCEÂNICO (PARADOR) [IDA],164817.5,153,0.0
901020,,53,-23.001463,-43.328857,1740100983000,3.6,,ida,53 - SULACAP X ALVORADA (EXPRESSO) [IDA],134081.299,112,1.0
901021,,35,-23.000796,-43.366241,1740094329000,0.0,,volta,35 - ALVORADA  X  MADUREIRA (PARADOR) [VOLTA],151614.2,46,0.0
901022,,53,-23.000746,-43.365091,1740100017000,0.1,,volta,53 - ALVORADA X SULACAP (EXPRESSO) [VOLTA],189374.2,91,0.0
901023,,22,-22.973314,-43.388081,1740100973000,49.1,,ida,22 - ALVORADA X JARDIM OCEÂNICO (PARADOR) [IDA],220443.2,270,1.0
901024,,52,-22.968236,-43.39845,1740100939000,46.1,,ida,52 - T. DEODORO X T. ALVORADA (PARADOR) [IDA],132278.0,220,1.0
901025,,35,-22.877506,-43.336856,1740100970000,0.0,,ida,35 - MADUREIRA X ALVORADA (PARADOR) [IDA],171765.8,307,1.0
901026,,51,-22.915502,-43.398187,1740100988000,0.0,,volta,51 - T. RECREIO X T.DEODORO (PARADOR) [VOLTA],215479.2,316,1.0
901027,,22,-23.000654,-43.332681,1740100980000,44.4,,volta,22 - JARDIM OCEÂNICO X ALVORADA (PARADOR) [VOLTA],188727.0,274,1.0
901028,,52,-22.973342,-43.374815,1740100970000,58.7,,volta,52 - T. ALVORADA X T. DEODORO (PARADOR) [VOLTA],149127.0,270,1.0
903001,,38,-22.848499,-43.265502,1740100985000,0.0,,ida,38 - FUNDÃO X ALVORADA (PARADOR) [IDA],165840.5,300,1.0
901029,,35,-22.964615,-43.392037,1740098121000,0.0,,ida,35 - MADUREIRA X ALVORADA (PARADOR) [IDA],179560.2, ,0.0
901030,,51,-22.964681,-43.391593,1739602814000,0.0,,volta,51 - T. RECREIO X T.DEODORO (PARADOR) [VOLTA],112787.0, ,0.0
901031,,22,-22.964825,-43.392088,1740097908000,0.0,,ida,22 - ALVORADA X JARDIM OCEÂNICO (PARADOR) [IDA],169693.2,350,0.0
901032,,35,-23.00097,-43.365109,1740095111000,0.0,,volta,35 - ALVORADA  X  MADUREIRA (PARADOR) [VOLTA],175855.4, ,0.0
901033,,35,-22.87301,-43.407882,1740100979000,58.3,,ida,35 - MADUREIRA X ALVORADA (PARADOR) [IDA],169742.4,317,1.0
901034,,35,-23.001372,-43.368044,1740100792000,0.0,,volta,35 - ALVORADA  X  MADUREIRA (PARADOR) [VOLTA],188675.6,138,1.0
901035,,53,-22.965194,-43.391284,1740100409000,0.0,,ida,53 - SULACAP X ALVORADA (EXPRESSO) [IDA],175762.8, ,0.0
901036,,35,-22.941558,-43.372696,1740100982000,34.4,,ida,35 - MADUREIRA X ALVORADA (PARADOR) [IDA],163643.8,180,1.0
901037,,52,-22.984179,-43.365703,1740100985000,0.0,,ida,52 - T. DEODORO X T. ALVORADA (PARADOR) [IDA],158092.4,169,1.0
901038,,35,-22.964771,-43.392086,1740099923000,0.0,,ida,35 - MADUREIRA X ALVORADA (PARADOR) [IDA],179283.2, ,0.0
901039,,40,-22.96526,-43.391204,1740099562000,0.0,,ida,40 - PAULO DA PORTELA X ALVORADA (EXPRESSO) [IDA],167834.7,83,0.0
901040,,51,-23.008639,-43.440549,1740100989000,0.0,,volta,51 - T. RECREIO X T.DEODORO (PARADOR) [VOLTA],178419.0,79,1.0
901041,,35,-22.967484,-43.390819,1740100983000,2.2,,ida,35 - MADUREIRA X ALVORADA (PARADOR) [IDA],162237.6,342,1.0
901042,,35,-22.965256,-43.391007,1740100982000,0.0,,ida,35 - MADUREIRA X ALVORADA (PARADOR) [IDA],164764.1,124,1.0
901043,,52,-22.965447,-43.391517,1740100973000,0.0,,ida,52 - T. DEODORO X T. ALVORADA (PARADOR) [IDA],144208.0,155,1.0
901054,,53,-22.985385,-43.365814,1740100967000,41.6,,ida,53 - SULACAP X ALVORADA (EXPRESSO) [IDA],4109.5,181,1.0
903009,,42,-22.877488,-43.33617,1740100974000,7.5,,volta,42 - MADUREIRA MANANCEIA X GALEAO (PARADOR) [VOLTA],203158.9,20,1.0
903010,,42,-22.83984,-43.239574,1740100978000,0.0,,ida,42 - GALEÃO X MADUREIRA MANANCEIA (PARADOR) [IDA],53465.7,155,1.0
903011,,42,-22.876631,-43.329893,1740100977000,0.0,,ida,42 - GALEÃO X MADUREIRA MANANCEIA (PARADOR) [IDA],213143.9,3,1.0
903012,,42,-22.87657,-43.329484,1740061766000,0.0,,ida,42 - GALEÃO X MADUREIRA MANANCEIA (PARADOR) [IDA],184628.2,87,0.0
903015,,14,-22.774634,-43.285613,1740077911000,0.0,,ida,14 - SANTA EUGÊNIA X TERMINAL RECREIO (EXPRESSO) [IDA],151183.1, ,0.0
903016,,38,-22.893134,-43.348774,1740100987000,6.5,,ida,38 - FUNDÃO X ALVORADA (PARADOR) [IDA],204924.2,223,1.0
903017,,42,-22.876853,-43.330402,1740099986000,0.0,,ida,42 - GALEÃO X MADUREIRA MANANCEIA (PARADOR) [IDA],154063.2,178,0.0
903018,,38,-22.876629,-43.329403,1739426410000,0.0,,ida,38 - FUNDÃO X ALVORADA (PARADOR) [IDA],97439.5, ,0.0
903019,,42,-22.839056,-43.240067,1740100972000,0.0,,ida,42 - GALEÃO X MADUREIRA MANANCEIA (PARADOR) [IDA],118177.9,168,1.0
903020,,38,-22.87653,-43.329478,1740097696000,0.0,,ida,38 - FUNDÃO X ALVORADA (PARADOR) [IDA],76154.1, ,0.0
903023,,38,-22.898172,-43.352606,1740100981000,1.2,,ida,38 - FUNDÃO X ALVORADA (PARADOR) [IDA],148785.5,183,1.0
903024,,14,-22.919332,-43.60807,1740100192000,0.0,,ida,14 - SANTA EUGÊNIA X TERMINAL RECREIO (EXPRESSO) [IDA],123892.4,268,0.0
903025,,14,-22.919143,-43.607246,1740099342000,0.0,,ida,14 - SANTA EUGÊNIA X TERMINAL RECREIO (EXPRESSO) [IDA],79681.0, ,0.0
903013,,42,-22.820601,-43.234128,1740100985000,57.0,,ida,42 - GALEÃO X MADUREIRA MANANCEIA (PARADOR) [IDA],200744.0,306,1.0
903014,,38,-23.00101,-43.365172,1740100674000,0.0,,volta,38 - ALVORADA X FUNDÃO (PARADOR) [VOLTA],222775.1,264,1.0
902097,,40,-22.876431,-43.330028,1740095493000,0.0,,ida,40 - PAULO DA PORTELA X ALVORADA (EXPRESSO) [IDA],92994.8, ,0.0
901045,,50,-22.973372,-43.387467,1740100982000,55.2,,ida,50 - TERMINAL CENTRO OLIMPICO X  JARDIM OCEÂNICO (PARADOR) [IDA],171626.5,82,1.0
901053,,52,-22.853707,-43.38441,1740100978000,14.6,,ida,52 - T. DEODORO X T. ALVORADA (PARADOR) [IDA],126704.7,100,1.0
901060,,51,-22.964641,-43.392215,1740098328000,0.0,,volta,51 - T. RECREIO X T.DEODORO (PARADOR) [VOLTA],222605.6, ,0.0
903052,,17,-22.912123,-43.592557,1740100987000,46.6,,ida,17 - CAMPO GRANDE  X SANTA CRUZ (PARADOR) [IDA],88700.9,249,1.0
903060,,17,-22.919459,-43.607783,1740096152000,0.1,,volta,17 - SANTA CRUZ X CAMPO GRANDE (PARADOR) [VOLTA],147220.8,173,0.0
903063,,17,-22.934401,-43.665108,1740100980000,17.9,,volta,17 - SANTA CRUZ X CAMPO GRANDE (PARADOR) [VOLTA],135544.3,38,1.0
901000,,35,-23.000998,-43.364922,1740099752000,0.0,,volta,35 - ALVORADA  X  MADUREIRA (PARADOR) [VOLTA],154572.1,274,0.0
902113,,40,-22.876591,-43.329787,1740099668000,0.0,,ida,40 - PAULO DA PORTELA X ALVORADA (EXPRESSO) [IDA],87531.2, ,0.0
902118,,40,-22.876403,-43.329814,1740100734000,0.0,,ida,40 - PAULO DA PORTELA X ALVORADA (EXPRESSO) [IDA],81534.3, ,0.0
902117,,35,-22.973365,-43.37508,1740100963000,58.6,,volta,35 - ALVORADA  X  MADUREIRA (PARADOR) [VOLTA],97148.5,270,1.0
901052,,22,-22.965432,-43.391775,1740100882000,0.0,,ida,22 - ALVORADA X JARDIM OCEÂNICO (PARADOR) [IDA],178214.9,321,0.0
901056,,43,-22.964635,-43.391695,1740099292000,0.0,,ida,43 - FUNDÃO X SANTA EFIGENIA (EXPRESSO) [IDA],149141.6,72,0.0
902125,,25,-22.92085,-43.645911,1740098454000,0.0,,ida,25 - MATO ALTO X ALVORADA (PARADOR) [IDA],126324.0, ,0.0
901044,,22,-23.000791,-43.365882,1740097999000,0.0,,ida,22 - ALVORADA X JARDIM OCEÂNICO (PARADOR) [IDA],174907.6, ,0.0
903033,,42,-22.83901,-43.240171,1740100975000,0.0,,ida,42 - GALEÃO X MADUREIRA MANANCEIA (PARADOR) [IDA],89051.8,146,1.0
903034,,14,-22.920292,-43.607309,1740099523000,0.0,,ida,14 - SANTA EUGÊNIA X TERMINAL RECREIO (EXPRESSO) [IDA],1549.4,175,0.0
902049,,46,-22.854462,-43.251702,1740099656000,0.0,,ida,46 - PENHA X ALVORADA (EXPRESSO) [IDA],107361.9, ,0.0
902020,,40,-22.876419,-43.33043,1740099145000,0.0,,ida,40 - PAULO DA PORTELA X ALVORADA (EXPRESSO) [IDA],124661.5, ,0.0
902022,,35,-22.892785,-43.348427,1740100987000,0.3,,volta,35 - ALVORADA  X  MADUREIRA (PARADOR) [VOLTA],120598.0,25,1.0
901092,,35,-22.965274,-43.3912,1740093837000,0.0,,ida,35 - MADUREIRA X ALVORADA (PARADOR) [IDA],125415.2,46,0.0
901093,,51,-23.000994,-43.365137,1740095879000,0.1,,volta,51 - T. RECREIO X T.DEODORO (PARADOR) [VOLTA],209529.3,137,0.0
902023,,46,-23.001313,-43.365536,1740100751000,0.0,,volta,46 - ALVORADA X PENHA (EXPRESSO) [VOLTA],154357.4, ,1.0
902059,,46,-22.929199,-43.373342,1740100978000,0.0,,volta,46 - ALVORADA X PENHA (EXPRESSO) [VOLTA],171940.5,352,1.0
902056,,46,-22.988829,-43.365853,1740100976000,40.6,,ida,46 - PENHA X ALVORADA (EXPRESSO) [IDA],179951.6,180,1.0
901091,,0,-22.964618,-43.391642,1740100517000,0.0,,,,3972.2,60,0.0
901096,,53,-22.96393,-43.390235,1740100979000,41.3,,ida,53 - SULACAP X ALVORADA (EXPRESSO) [IDA],161950.8, ,1.0
901086,,22,-22.964552,-43.392128,1740099880000,0.0,,ida,22 - ALVORADA X JARDIM OCEÂNICO (PARADOR) [IDA],6110.6,354,0.0
902032,,40,-22.876407,-43.330319,1740098625000,0.0,,ida,40 - PAULO DA PORTELA X ALVORADA (EXPRESSO) [IDA],140007.6, ,0.0
902024,,43,-22.839372,-43.240496,1740098826000,0.0,,ida,43 - FUNDÃO X SANTA EFIGENIA (EXPRESSO) [IDA],169669.8,47,0.0
901094,,35,-23.001452,-43.367876,1740100970000,0.0,,volta,35 - ALVORADA  X  MADUREIRA (PARADOR) [VOLTA],167765.8,90,1.0
902027,,46,-22.839824,-43.240027,1740096016000,0.0,,ida,46 - PENHA X ALVORADA (EXPRESSO) [IDA],175655.9, ,0.0
902031,,31,-22.854764,-43.251915,1740099881000,0.0,,ida,31 - VICENTE DE CARVALHO X ALVORADA (SEMIDIRETO) [IDA],169926.4, ,0.0
902028,,46,-23.001437,-43.367658,1740100814000,0.0,,volta,46 - ALVORADA X PENHA (EXPRESSO) [VOLTA],165541.8, ,1.0
902029,,43,-22.876338,-43.329825,1740097913000,0.0,,ida,43 - FUNDÃO X SANTA EFIGENIA (EXPRESSO) [IDA],136764.2, ,0.0
902018,,50,-22.965329,-43.391673,1740100984000,0.0,,ida,50 - TERMINAL CENTRO OLIMPICO X  JARDIM OCEÂNICO (PARADOR) [IDA],164917.4, ,0.0
902046,,46,-22.853207,-43.313767,1740100984000,0.0,,ida,46 - PENHA X ALVORADA (EXPRESSO) [IDA],153364.0,265,1.0
902010,,50,-23.00116,-43.329454,1740100974000,13.2,,volta,50 - JARDIM OCEÂNICO X  TERMINAL CENTRO OLIMPICO (PARADOR) [VOLTA],151194.8,301,1.0
902026,,31,-22.855051,-43.251837,1740099623000,0.0,,ida,31 - VICENTE DE CARVALHO X ALVORADA (SEMIDIRETO) [IDA],142320.7, ,0.0
901089,,53,-22.989263,-43.365664,1740100988000,39.7,,volta,53 - ALVORADA X SULACAP (EXPRESSO) [VOLTA],211918.5,1,1.0
86850,,14,-23.008182,-43.442758,1683116573000,0.0,,volta,14 - SALVADOR ALLENDE x SANTA EUGÊNIA,7855.3, ,
901062,,51,-22.964613,-43.392159,1740092986000,0.0,,volta,51 - T. RECREIO X T.DEODORO (PARADOR) [VOLTA],240541.2,348,0.0
902033,,31,-22.854739,-43.251929,1740100969000,0.0,,ida,31 - VICENTE DE CARVALHO X ALVORADA (SEMIDIRETO) [IDA],179854.1, ,1.0
902053,,31,-22.854285,-43.251879,1740099774000,0.0,,ida,31 - VICENTE DE CARVALHO X ALVORADA (SEMIDIRETO) [IDA],163455.8, ,0.0
902035,,31,-23.001451,-43.364641,1740100977000,0.0,,volta,31 - ALVORADA X VICENTE DE CARVALHO (SEMIDIRETO) [VOLTA],134769.6, ,1.0
E902000,,31,-22.854846,-43.252085,1740096904000,0.0,,ida,31 - VICENTE DE CARVALHO X ALVORADA (SEMIDIRETO) [IDA],90881.1, ,0.0
901067,,53,-22.954544,-43.391573,1740100960000,59.8,,volta,53 - ALVORADA X SULACAP (EXPRESSO) [VOLTA],26261.3,40,1.0
E902004,,38,-22.839934,-43.239404,1740100975000,0.0,,ida,38 - FUNDÃO X ALVORADA (PARADOR) [IDA],155652.1, ,1.0
902062,,0,-22.839834,-43.240139,1740097769000,0.0,,,,154741.9, ,0.0
902048,,31,-22.839476,-43.240394,1740098706000,0.0,,ida,31 - VICENTE DE CARVALHO X ALVORADA (SEMIDIRETO) [IDA],146068.7,19,0.0
902058,,46,-22.879074,-43.337904,1740100987000,46.5,,volta,46 - ALVORADA X PENHA (EXPRESSO) [VOLTA],166979.2,89,1.0
902021,,46,-22.854526,-43.25147,1740100982000,0.0,,ida,46 - PENHA X ALVORADA (EXPRESSO) [IDA],132143.0, ,1.0
901068,,22,-23.000784,-43.367658,1740097935000,24.0,,ida,22 - ALVORADA X JARDIM OCEÂNICO (PARADOR) [IDA],208526.4,92,1.0
902003,,38,-22.841741,-43.299231,1740100978000,24.6,,ida,38 - FUNDÃO X ALVORADA (PARADOR) [IDA],153270.0,234,1.0
902102,,43,-22.876414,-43.329989,1740100655000,0.0,,ida,43 - FUNDÃO X SANTA EFIGENIA (EXPRESSO) [IDA],81117.1, ,0.0
901016,,22,-23.000856,-43.365382,1740100978000,0.0,,ida,22 - ALVORADA X JARDIM OCEÂNICO (PARADOR) [IDA],110948.8,226,1.0
902133,,18,-22.972485,-43.401276,1740099213000,0.0,,ida,18 - PONTAL X JARDIM OCEÂNICO (EXPRESSO) [IDA],118849.1,218,0.0
901082,,22,-22.964811,-43.392086,1740100984000,0.0,,ida,22 - ALVORADA X JARDIM OCEÂNICO (PARADOR) [IDA],225885.3, ,1.0
902061,,46,-22.854704,-43.251602,1740100627000,0.0,,ida,46 - PENHA X ALVORADA (EXPRESSO) [IDA],162546.5, ,0.0
902066,,46,-22.854624,-43.251223,1739687033000,0.0,,ida,46 - PENHA X ALVORADA (EXPRESSO) [IDA],179197.3, ,0.0
902005,,38,-22.877028,-43.329784,1740090922000,0.0,,ida,38 - FUNDÃO X ALVORADA (PARADOR) [IDA],152523.3, ,0.0
902052,,43,-22.839816,-43.240125,1740094275000,0.0,,ida,43 - FUNDÃO X SANTA EFIGENIA (EXPRESSO) [IDA],171484.6, ,0.0
902050,,46,-22.947935,-43.372166,1740100975000,48.9,,volta,46 - ALVORADA X PENHA (EXPRESSO) [VOLTA],121451.8,15,1.0
902016,,50,-23.000742,-43.36817,1740100959000,17.0,,volta,50 - JARDIM OCEÂNICO X  TERMINAL CENTRO OLIMPICO (PARADOR) [VOLTA],21734.9,322,1.0
902019,,50,-22.973353,-43.367419,1740100978000,47.6,,volta,50 - JARDIM OCEÂNICO X  TERMINAL CENTRO OLIMPICO (PARADOR) [VOLTA],111338.9,270,1.0
E902009,,50,-23.000929,-43.331303,1740100969000,53.2,,ida,50 - TERMINAL CENTRO OLIMPICO X  JARDIM OCEÂNICO (PARADOR) [IDA],131022.4,94,1.0
902063,,43,-22.876524,-43.330493,1740099610000,0.0,,ida,43 - FUNDÃO X SANTA EFIGENIA (EXPRESSO) [IDA],135399.9, ,0.0
902017,,50,-23.006651,-43.312379,1740100975000,0.0,,volta,50 - JARDIM OCEÂNICO X  TERMINAL CENTRO OLIMPICO (PARADOR) [VOLTA],121189.8,275,1.0
E902015,,0,-22.965272,-43.391506,1740099242000,0.0,,,,135635.7,74,0.0
902057,,41,-22.876412,-43.330257,1740100562000,0.0,,volta,41 - TERMINAL RECREIO X PAULO DA PORTELA (EXPRESSO) [VOLTA],125839.7,263,0.0
902060,,46,-22.895691,-43.350376,1740100978000,43.5,,volta,46 - ALVORADA X PENHA (EXPRESSO) [VOLTA],166825.6,43,1.0
902008,,50,-22.965087,-43.391611,1739929527000,0.0,,ida,50 - TERMINAL CENTRO OLIMPICO X  JARDIM OCEÂNICO (PARADOR) [IDA],154613.3, ,0.0
902047,,46,-22.854396,-43.251672,1740100202000,0.0,,ida,46 - PENHA X ALVORADA (EXPRESSO) [IDA],40514.0, ,0.0
902007,,50,-22.973171,-43.385346,1740098810000,0.0,,volta,50 - JARDIM OCEÂNICO X  TERMINAL CENTRO OLIMPICO (PARADOR) [VOLTA],150156.9,272,1.0
902051,,31,-22.83846,-43.29416,1740100980000,34.1,,ida,31 - VICENTE DE CARVALHO X ALVORADA (SEMIDIRETO) [IDA],171707.7,78,1.0
902067,,31,-22.839661,-43.240267,1740096002000,0.0,,ida,31 - VICENTE DE CARVALHO X ALVORADA (SEMIDIRETO) [IDA],171094.0, ,0.0
901088,,53,-22.963601,-43.39015,1740100979000,0.0,,volta,53 - ALVORADA X SULACAP (EXPRESSO) [VOLTA],218191.1,27,1.0
901078,,52,-22.964568,-43.392062,1740096034000,0.0,,ida,52 - T. DEODORO X T. ALVORADA (PARADOR) [IDA],146671.5,346,0.0
901098,,53,-22.964762,-43.392086,1740099607000,0.0,,ida,53 - SULACAP X ALVORADA (EXPRESSO) [IDA],186383.3,345,0.0
901090,,53,-23.001428,-43.367162,1740100911000,0.0,,volta,53 - ALVORADA X SULACAP (EXPRESSO) [VOLTA],152215.8,89,1.0
901055,,52,-22.964579,-43.391937,1740100794000,0.0,,ida,52 - T. DEODORO X T. ALVORADA (PARADOR) [IDA],190168.7,342,0.0
901076,,35,-22.918543,-43.365269,1740100981000,41.4,,ida,35 - MADUREIRA X ALVORADA (PARADOR) [IDA],178121.6,239,1.0
902054,,46,-22.901842,-43.355129,1740100973000,43.3,,ida,46 - PENHA X ALVORADA (EXPRESSO) [IDA],178632.1,212,1.0
901079,,52,-22.965477,-43.391528,1740100979000,0.0,,ida,52 - T. DEODORO X T. ALVORADA (PARADOR) [IDA],227635.9, ,1.0
901084,,52,-22.885306,-43.400675,1740100974000,55.7,,ida,52 - T. DEODORO X T. ALVORADA (PARADOR) [IDA],220300.2,191,1.0
901070,,53,-23.000726,-43.366377,1740099627000,0.0,,volta,53 - ALVORADA X SULACAP (EXPRESSO) [VOLTA],175325.6, ,0.0
902080,,46,-22.847344,-43.304912,1740100981000,27.6,,volta,46 - ALVORADA X PENHA (EXPRESSO) [VOLTA],178735.5,56,1.0
901081,,52,-22.935982,-43.395514,1740100970000,52.3,,ida,52 - T. DEODORO X T. ALVORADA (PARADOR) [IDA],180442.6,170,1.0
902065,,43,-22.876671,-43.329786,1740095272000,0.0,,ida,43 - FUNDÃO X SANTA EFIGENIA (EXPRESSO) [IDA],128600.4, ,0.0
901069,,52,-22.965078,-43.391351,1740100512000,0.2,,ida,52 - T. DEODORO X T. ALVORADA (PARADOR) [IDA],151392.9,38,0.0
901074,,53,-22.883809,-43.399494,1740100989000,16.7,,ida,53 - SULACAP X ALVORADA (EXPRESSO) [IDA],183186.7,17,1.0
901085,,53,-22.964639,-43.391561,1736967578000,0.0,,ida,53 - SULACAP X ALVORADA (EXPRESSO) [IDA],135432.9, ,0.0
902073,,41,-22.87651,-43.330176,1740096600000,0.0,,volta,41 - TERMINAL RECREIO X PAULO DA PORTELA (EXPRESSO) [VOLTA],98377.8, ,0.0
902030,,41,-22.876985,-43.329903,1740100314000,0.0,,volta,41 - TERMINAL RECREIO X PAULO DA PORTELA (EXPRESSO) [VOLTA],97170.7, ,0.0
902071,,46,-22.959986,-43.389276,1740100984000,13.0,,ida,46 - PENHA X ALVORADA (EXPRESSO) [IDA],152301.6,256,1.0
RJG7D28 MOTO,RJG7D28,0,-22.999386,-43.583031,1740100886000,50.6,,,,6785.7,286,1.0
902072,,43,-22.854311,-43.251917,1740099780000,0.0,,ida,43 - FUNDÃO X SANTA EFIGENIA (EXPRESSO) [IDA],159146.7, ,0.0
902101,,40,-22.876341,-43.329886,1740097396000,0.0,,ida,40 - PAULO DA PORTELA X ALVORADA (EXPRESSO) [IDA],79304.6, ,0.0
902068,,40,-22.876623,-43.329886,1740100982000,0.0,,ida,40 - PAULO DA PORTELA X ALVORADA (EXPRESSO) [IDA],138575.7, ,1.0
902064,,46,-22.973325,-43.377667,1740100963000,56.2,,volta,46 - ALVORADA X PENHA (EXPRESSO) [VOLTA],0.0,271,1.0
902070,,31,-22.854804,-43.251965,1740094505000,0.0,,ida,31 - VICENTE DE CARVALHO X ALVORADA (SEMIDIRETO) [IDA],173936.9, ,0.0
901083,,53,-23.001376,-43.36641,1740100970000,0.0,,volta,53 - ALVORADA X SULACAP (EXPRESSO) [VOLTA],242832.1,83,1.0
901087,,35,-22.964621,-43.391565,1740099012000,0.0,,ida,35 - MADUREIRA X ALVORADA (PARADOR) [IDA],171593.6, ,0.0
902085,,0,-22.854088,-43.251624,1723799710000,0.0,,,,108156.2, ,0.0
E902012,,50,-23.006593,-43.312577,1740100988000,0.0,,volta,50 - JARDIM OCEÂNICO X  TERMINAL CENTRO OLIMPICO (PARADOR) [VOLTA],18418.7,262,1.0
E902001,,31,-22.854189,-43.251642,1740099527000,0.0,,ida,31 - VICENTE DE CARVALHO X ALVORADA (SEMIDIRETO) [IDA],126074.7, ,0.0
E902006,,42,-22.876775,-43.329824,1740094869000,0.0,,ida,42 - GALEÃO X MADUREIRA MANANCEIA (PARADOR) [IDA],152715.1, ,0.0
E902011,,50,-22.972063,-43.401059,1740100970000,0.0,,ida,50 - TERMINAL CENTRO OLIMPICO X  JARDIM OCEÂNICO (PARADOR) [IDA],134449.5, ,1.0
E902014,,50,-23.000068,-43.364405,1740100931000,56.8,,volta,50 - JARDIM OCEÂNICO X  TERMINAL CENTRO OLIMPICO (PARADOR) [VOLTA],148438.0,269,1.0
E902002,,38,-22.959687,-43.388003,1740100976000,47.9,,ida,38 - FUNDÃO X ALVORADA (PARADOR) [IDA],102196.7,256,1.0
901095,,22,-22.964624,-43.39191,1740098688000,0.0,,ida,22 - ALVORADA X JARDIM OCEÂNICO (PARADOR) [IDA],54233.9, ,0.0
902069,,40,-22.876516,-43.329731,1740098590000,0.0,,ida,40 - PAULO DA PORTELA X ALVORADA (EXPRESSO) [IDA],128317.5, ,0.0
902094,,43,-22.87644,-43.330263,1740100862000,0.0,,ida,43 - FUNDÃO X SANTA EFIGENIA (EXPRESSO) [IDA],99691.6, ,0.0
903068,,17,-22.919957,-43.607328,1740100346000,0.0,,volta,17 - SANTA CRUZ X CAMPO GRANDE (PARADOR) [VOLTA],103128.4, ,0.0
901097,,51,-23.008649,-43.440513,1740099949000,0.0,,volta,51 - T. RECREIO X T.DEODORO (PARADOR) [VOLTA],163931.9,36,0.0
902081,,41,-22.876573,-43.33024,1740097030000,0.0,,volta,41 - TERMINAL RECREIO X PAULO DA PORTELA (EXPRESSO) [VOLTA],105822.0, ,0.0
902075,,40,-22.876548,-43.329981,1740094860000,0.0,,ida,40 - PAULO DA PORTELA X ALVORADA (EXPRESSO) [IDA],76088.3, ,0.0
902013,,50,-22.989601,-43.365867,1740100969000,23.4,,ida,50 - TERMINAL CENTRO OLIMPICO X  JARDIM OCEÂNICO (PARADOR) [IDA],154082.5,192,1.0
902082,,41,-22.916912,-43.362645,1740100989000,45.5,,ida,41 - PAULO DA PORTELA X TERMINAL RECREIO (EXPRESSO) [IDA],105351.7,229,1.0
903062,,17,-22.920511,-43.607652,1740100371000,0.0,,volta,17 - SANTA CRUZ X CAMPO GRANDE (PARADOR) [VOLTA],85558.0,185,0.0
902089,,35,-23.001355,-43.368108,1740100840000,7.0,,volta,35 - ALVORADA  X  MADUREIRA (PARADOR) [VOLTA],108404.9,135,1.0
903041,,17,-22.936608,-43.667638,1740100978000,21.5,,ida,17 - CAMPO GRANDE  X SANTA CRUZ (PARADOR) [IDA],82658.6,229,1.0
903051,,17,-22.901624,-43.555667,1740100835000,17.8,,ida,17 - CAMPO GRANDE  X SANTA CRUZ (PARADOR) [IDA],132947.6,78,1.0
902055,,46,-22.854974,-43.253125,1740100976000,0.0,,ida,46 - PENHA X ALVORADA (EXPRESSO) [IDA],50435.5, ,1.0
903044,,17,-22.920243,-43.608279,1740081679000,0.0,,volta,17 - SANTA CRUZ X CAMPO GRANDE (PARADOR) [VOLTA],154205.4,20,0.0
902086,,41,-22.87665,-43.33009,1740098675000,0.0,,volta,41 - TERMINAL RECREIO X PAULO DA PORTELA (EXPRESSO) [VOLTA],103658.1, ,0.0
903036,,17,-22.919439,-43.607839,1740099655000,0.0,,volta,17 - SANTA CRUZ X CAMPO GRANDE (PARADOR) [VOLTA],83282.2, ,0.0
902043,,31,-22.839808,-43.240217,1740094724000,0.0,,ida,31 - VICENTE DE CARVALHO X ALVORADA (SEMIDIRETO) [IDA],176518.9, ,0.0
902036,,31,-22.839865,-43.240047,1740095979000,0.9,,ida,31 - VICENTE DE CARVALHO X ALVORADA (SEMIDIRETO) [IDA],173787.9,336,0.0
903039,,17,-22.919343,-43.607951,1740100417000,0.0,,volta,17 - SANTA CRUZ X CAMPO GRANDE (PARADOR) [VOLTA],133036.9, ,0.0
903047,,17,-22.920169,-43.608462,1740099698000,0.0,,volta,17 - SANTA CRUZ X CAMPO GRANDE (PARADOR) [VOLTA],137250.0, ,0.0
902074,,35,-22.876459,-43.330282,1740099749000,0.0,,ida,35 - MADUREIRA X ALVORADA (PARADOR) [IDA],105090.8, ,0.0
902039,,46,-22.854643,-43.251374,1740100987000,0.0,,ida,46 - PENHA X ALVORADA (EXPRESSO) [IDA],161514.9, ,1.0
903040,,17,-22.916871,-43.683649,1740100986000,15.3,,volta,17 - SANTA CRUZ X CAMPO GRANDE (PARADOR) [VOLTA],100704.8,335,1.0
902044,,31,-23.000996,-43.366226,1740099710000,0.0,,volta,31 - ALVORADA X VICENTE DE CARVALHO (SEMIDIRETO) [VOLTA],138474.6,272,1.0
902038,,46,-22.854919,-43.251984,1727557216000,0.0,,ida,46 - PENHA X ALVORADA (EXPRESSO) [IDA],107501.8, ,0.0
903048,,17,-22.915995,-43.608462,1740100977000,20.8,,volta,17 - SANTA CRUZ X CAMPO GRANDE (PARADOR) [VOLTA],114068.3,85,1.0
902041,,43,-22.854732,-43.251849,1740095858000,0.0,,ida,43 - FUNDÃO X SANTA EFIGENIA (EXPRESSO) [IDA],175269.0, ,0.0
903064,,17,-22.920706,-43.608051,1740099365000,0.0,,volta,17 - SANTA CRUZ X CAMPO GRANDE (PARADOR) [VOLTA],144701.7,265,0.0
902037,,46,-22.854713,-43.251862,1740100097000,0.0,,ida,46 - PENHA X ALVORADA (EXPRESSO) [IDA],174943.6, ,0.0
903069,,17,-22.920441,-43.60724,1740100973000,0.0,,volta,17 - SANTA CRUZ X CAMPO GRANDE (PARADOR) [VOLTA],81937.8,177,1.0
902034,,46,-22.915097,-43.361007,1740100974000,0.0,,volta,46 - ALVORADA X PENHA (EXPRESSO) [VOLTA],175585.7,20,1.0
902088,,40,-22.876902,-43.329913,1740100982000,4.9,,ida,40 - PAULO DA PORTELA X ALVORADA (EXPRESSO) [IDA],79386.7,60,1.0
902042,,41,-22.854818,-43.2521,1736166957000,0.0,,volta,41 - TERMINAL RECREIO X PAULO DA PORTELA (EXPRESSO) [VOLTA],159688.0, ,0.0
902040,,46,-22.948487,-43.372532,1740100986000,28.9,,ida,46 - PENHA X ALVORADA (EXPRESSO) [IDA],163505.4,198,1.0
903049,,17,-22.805021,-43.341994,1740099522000,0.0,,volta,17 - SANTA CRUZ X CAMPO GRANDE (PARADOR) [VOLTA],84254.3, ,0.0
903038,,14,-22.920165,-43.60789,1740100974000,0.0,,ida,14 - SANTA EUGÊNIA X TERMINAL RECREIO (EXPRESSO) [IDA],125454.9,171,1.0
903053,,14,-22.920317,-43.60816,1740100973000,0.0,,ida,14 - SANTA EUGÊNIA X TERMINAL RECREIO (EXPRESSO) [IDA],143097.8, ,1.0
903042,,17,-22.919468,-43.607825,1740100732000,0.0,,volta,17 - SANTA CRUZ X CAMPO GRANDE (PARADOR) [VOLTA],12561.1, ,0.0
902087,,41,-22.876461,-43.329924,1740094102000,0.0,,volta,41 - TERMINAL RECREIO X PAULO DA PORTELA (EXPRESSO) [VOLTA],106454.9, ,0.0
903050,,14,-22.920326,-43.608144,1740100978000,0.0,,ida,14 - SANTA EUGÊNIA X TERMINAL RECREIO (EXPRESSO) [IDA],0.0,170,1.0
903067,,17,-22.920467,-43.607207,1740100985000,0.0,,volta,17 - SANTA CRUZ X CAMPO GRANDE (PARADOR) [VOLTA],84436.0,178,1.0
RJG7D29 MOTO,RJG7D29,0,-23.00084,-43.363631,1740098560000,0.0,,,,20467.3, ,0.0
902076,,31,-23.002148,-43.365382,1740096673000,0.0,,volta,31 - ALVORADA X VICENTE DE CARVALHO (SEMIDIRETO) [VOLTA],121498.9, ,0.0
902083,,40,-22.876442,-43.330398,1740098814000,0.0,,ida,40 - PAULO DA PORTELA X ALVORADA (EXPRESSO) [IDA],92127.6, ,0.0
902096,,40,-22.87672,-43.329801,1740097898000,0.0,,ida,40 - PAULO DA PORTELA X ALVORADA (EXPRESSO) [IDA],102097.0,90,0.0
902084,,40,-22.876549,-43.329831,1740099653000,0.0,,ida,40 - PAULO DA PORTELA X ALVORADA (EXPRESSO) [IDA],82274.3, ,0.0
902100,,41,-22.876447,-43.32969,1740097587000,0.0,,volta,41 - TERMINAL RECREIO X PAULO DA PORTELA (EXPRESSO) [VOLTA],103637.4, ,0.0
903059,,14,-22.920422,-43.608018,1740099903000,0.0,,ida,14 - SANTA EUGÊNIA X TERMINAL RECREIO (EXPRESSO) [IDA],94084.5, ,0.0
903043,,17,-22.920157,-43.608632,1738861302000,0.0,,volta,17 - SANTA CRUZ X CAMPO GRANDE (PARADOR) [VOLTA],135295.3, ,1.0
902079,,46,-22.938375,-43.372161,1740100977000,15.9,,volta,46 - ALVORADA X PENHA (EXPRESSO) [VOLTA],11807.8,3,1.0
903066,,14,-22.92067,-43.608096,1740099989000,0.0,,ida,14 - SANTA EUGÊNIA X TERMINAL RECREIO (EXPRESSO) [IDA],150004.2,270,0.0
902098,,40,-22.876604,-43.329965,1740094525000,0.0,,ida,40 - PAULO DA PORTELA X ALVORADA (EXPRESSO) [IDA],95558.1, ,0.0
902099,,40,-22.876604,-43.329833,1740100829000,0.0,,ida,40 - PAULO DA PORTELA X ALVORADA (EXPRESSO) [IDA],102594.9, ,0.0
902093,,40,-22.876931,-43.329591,1740098284000,0.0,,ida,40 - PAULO DA PORTELA X ALVORADA (EXPRESSO) [IDA],107635.2, ,0.0
902091,,41,-22.876472,-43.329895,1740100642000,0.0,,volta,41 - TERMINAL RECREIO X PAULO DA PORTELA (EXPRESSO) [VOLTA],115671.7, ,0.0
901099,,35,-22.96467,-43.391629,1740098451000,0.0,,ida,35 - MADUREIRA X ALVORADA (PARADOR) [IDA],170457.5, ,0.0
902213,,51,-22.849141,-43.397309,1740100133000,0.0,,volta,51 - T. RECREIO X T.DEODORO (PARADOR) [VOLTA],59343.8,110,1.0
903046,,17,-22.919465,-43.607787,1740097511000,0.0,,volta,17 - SANTA CRUZ X CAMPO GRANDE (PARADOR) [VOLTA],155987.3,186,0.0
902077,,31,-22.854368,-43.251675,1740098625000,0.0,,ida,31 - VICENTE DE CARVALHO X ALVORADA (SEMIDIRETO) [IDA],170671.7, ,0.0
902104,,43,-22.876448,-43.330116,1740095944000,0.0,,ida,43 - FUNDÃO X SANTA EFIGENIA (EXPRESSO) [IDA],103707.3, ,0.0
902106,,41,-22.876522,-43.330055,1740095710000,0.0,,volta,41 - TERMINAL RECREIO X PAULO DA PORTELA (EXPRESSO) [VOLTA],86406.7, ,0.0
902108,,35,-22.877087,-43.330362,1740099307000,0.0,,ida,35 - MADUREIRA X ALVORADA (PARADOR) [IDA],74966.8,176,0.0
902109,,35,-22.876436,-43.330146,1740096374000,0.0,,ida,35 - MADUREIRA X ALVORADA (PARADOR) [IDA],80762.3, ,0.0
903061,,17,-22.920095,-43.60833,1739579753000,0.0,,volta,17 - SANTA CRUZ X CAMPO GRANDE (PARADOR) [VOLTA],56693.5, ,0.0
903070,,14,-22.920441,-43.607305,1740099424000,0.0,,ida,14 - SANTA EUGÊNIA X TERMINAL RECREIO (EXPRESSO) [IDA],95848.9,178,0.0
902126,,18,-22.919454,-43.645764,1740100426000,0.0,,ida,18 - PONTAL X JARDIM OCEÂNICO (EXPRESSO) [IDA],107335.2, ,0.0
902132,,18,-22.92061,-43.608015,1740100398000,0.0,,ida,18 - PONTAL X JARDIM OCEÂNICO (EXPRESSO) [IDA],109016.6, ,0.0
902156,,10,-22.916372,-43.684669,1740100975000,11.9,,ida,10 - SANTA CRUZ X ALVORADA (EXPRESSO) [IDA],159754.8,161,1.0
902151,,10,-22.929788,-43.674807,1740100942000,50.1,,ida,10 - SANTA CRUZ X ALVORADA (EXPRESSO) [IDA],150545.8,131,1.0
902131,,18,-22.919853,-43.607322,1740100984000,0.0,,ida,18 - PONTAL X JARDIM OCEÂNICO (EXPRESSO) [IDA],113035.0, ,1.0
902153,,13,-22.920938,-43.645973,1740097465000,0.0,,ida,13 - MATO ALTO X ALVORADA (EXPRESSO) [IDA],129625.8, ,0.0
902137,,10,-23.000872,-43.364982,1740099914000,0.0,,volta,10 - ALVORADA X SANTA CRUZ (EXPRESSO) [VOLTA],122698.9, ,1.0
902129,,11,-23.013976,-43.465386,1740100984000,49.9,,volta,11 - ALVORADA X SANTA CRUZ (PARADOR) [VOLTA],139973.7,255,1.0
902128,,12,-22.920739,-43.645307,1740100708000,0.0,,ida,12 - PINGO D'AGUA X ALVORADA (EXPRESSO) [IDA],147090.1, ,0.0
902314,,51,-22.850531,-43.397928,1740099370000,0.0,,volta,51 - T. RECREIO X T.DEODORO (PARADOR) [VOLTA],52663.1, ,0.0
901138,,28,-22.920324,-43.607332,1740100990000,0.0,,ida,28 - PINGO D'ÁGUA X CURRAL FALSO [IDA],3486.7,179,1.0
902146,,12,-22.920789,-43.607985,1740094902000,0.0,,ida,12 - PINGO D'AGUA X ALVORADA (EXPRESSO) [IDA],156073.3, ,0.0
902144,,11,-23.002409,-43.421998,1740100987000,48.6,,ida,11 - SANTA CRUZ X ALVORADA (PARADOR) [IDA],124814.1,70,1.0
902434,,60,-22.848253,-43.397144,1740099324000,0.0,,ida,60 - TERMINAL DEODORO X TIG (PARADOR) [IDA],58814.6, ,0.0
902451,,90,-22.839884,-43.239659,1740100974000,0.0,,ida,90 - FUNDÃO X TIG (PARADOR) [IDA],61166.9,138,1.0
902150,,18,-22.972657,-43.401494,1740095438000,0.0,,ida,18 - PONTAL X JARDIM OCEÂNICO (EXPRESSO) [IDA],136568.5,223,0.0
902325,,60,-22.848875,-43.39725,1740100163000,0.0,,ida,60 - TERMINAL DEODORO X TIG (PARADOR) [IDA],32948.8,109,0.0
902349,,60,-22.849029,-43.397257,1740100872000,0.0,,ida,60 - TERMINAL DEODORO X TIG (PARADOR) [IDA],1315.3,102,0.0
902369,,60,-22.853465,-43.385211,1740100966000,21.2,,ida,60 - TERMINAL DEODORO X TIG (PARADOR) [IDA],3396.4,312,1.0
902239,,13,-23.003627,-43.425746,1740100965000,0.0,,ida,13 - MATO ALTO X ALVORADA (EXPRESSO) [IDA],74044.8,66,1.0
902335,,60,-22.843796,-43.250304,1740100961000,43.6,,ida,60 - TERMINAL DEODORO X TIG (PARADOR) [IDA],66727.2,136,1.0
902338,,60,-22.898221,-43.211457,1740100982000,0.0,,volta,60 - TIG  X  TERMINAL DEODORO (PARADOR) [VOLTA],60403.4,307,1.0
902298,,19,-22.92041,-43.646073,1740100988000,0.0,,ida,19 - PINGO D'AGUA X SALVADOR ALLENDE (EXPRESSO) [IDA],52053.9,120,1.0
902402,,51,-22.848123,-43.39679,1740099872000,0.0,,volta,51 - T. RECREIO X T.DEODORO (PARADOR) [VOLTA],3759.5,59,0.0
861039050254990,,0,-23.524419,-46.625555,1711050807000,0.0,,,,9070.9,180,
902431,,80,-22.839592,-43.240365,1740100021000,0.0,,ida,80 - PENHA X TIG (PARADOR) [IDA],30501.5, ,0.0
902299,,12,-22.965017,-43.647195,1740100961000,0.0,,ida,12 - PINGO D'AGUA X ALVORADA (EXPRESSO) [IDA],59607.4,311,1.0
902321,,0,-22.848925,-43.397397,1740100374000,0.0,,,,34881.8,108,0.0
902300,,0,-22.848874,-43.397605,1740099974000,0.0,,,,68272.9, ,0.0
902327,,61,-22.848256,-43.396712,1740100683000,0.0,,ida,61 - TERMINAL DEODORO X TIG (EXPRESSO) [IDA],0.0,115,0.0
902326,,60,-22.850495,-43.39833,1740100988000,0.0,,ida,60 - TERMINAL DEODORO X TIG (PARADOR) [IDA],72982.3,227,1.0
902262,,19,-22.921167,-43.645899,1740100960000,0.0,,ida,19 - PINGO D'AGUA X SALVADOR ALLENDE (EXPRESSO) [IDA],57580.3,164,1.0
902308,,60,-22.848989,-43.397046,1740099749000,0.0,,ida,60 - TERMINAL DEODORO X TIG (PARADOR) [IDA],29880.4, ,0.0
902337,,60,-22.850154,-43.397783,1740100974000,0.0,,ida,60 - TERMINAL DEODORO X TIG (PARADOR) [IDA],68305.5, ,1.0
902305,,80,-22.898069,-43.212073,1740100979000,0.0,,volta,80 - TIG X PENHA (PARADOR) [VOLTA],71831.4,129,1.0
902328,,90,-22.869909,-43.246883,1740100955000,58.3,,ida,90 - FUNDÃO X TIG (PARADOR) [IDA],62291.5,159,1.0
902449,,80,-22.85853,-43.24768,1740100975000,43.5,,volta,80 - TIG X PENHA (PARADOR) [VOLTA],34704.0,1,1.0
902303,,51,-22.965526,-43.395672,1740100975000,46.7,,volta,51 - T. RECREIO X T.DEODORO (PARADOR) [VOLTA],64634.1,37,1.0
902315,,60,-22.89865,-43.211295,1740100968000,9.3,,volta,60 - TIG  X  TERMINAL DEODORO (PARADOR) [VOLTA],70674.7,134,1.0
902304,,60,-22.84896,-43.397385,1740099341000,0.0,,ida,60 - TERMINAL DEODORO X TIG (PARADOR) [IDA],76869.6,108,0.0
902306,,51,-22.963414,-43.393908,1740100968000,0.0,,ida,51 - T. DEODORO X T. RECREIO (PARADOR) [IDA],61685.5,216,1.0
902307,,90,-22.899124,-43.210782,1740100973000,0.0,,volta,90 - TIG x FUNDÃO (PARADOR) [VOLTA],62695.5,124,1.0
902364,,61,-22.849001,-43.397469,1740100973000,0.0,,ida,61 - TERMINAL DEODORO X TIG (EXPRESSO) [IDA],55800.8,108,1.0
902414,,60,-22.848389,-43.396622,1740100082000,0.0,,ida,60 - TERMINAL DEODORO X TIG (PARADOR) [IDA],63639.2, ,0.0
902312,,52,-22.8492,-43.397462,1740099401000,0.0,,ida,52 - T. DEODORO X T. ALVORADA (PARADOR) [IDA],64321.3,112,0.0
902362,,0,-22.850655,-43.398085,1740095589000,0.0,,,,59392.4,141,0.0
Etios KYO8080,KYO8080,0,-22.96565,-43.391017,1740096904000,0.0,,,,44365.1, ,0.0
902127,,15,-22.920768,-43.645215,1740099586000,0.0,,ida,15 - CURRAL FALSO X ALVORADA [IDA],123481.8, ,0.0
902454,,31,-22.854529,-43.251724,1740100217000,0.0,,ida,31 - VICENTE DE CARVALHO X ALVORADA (SEMIDIRETO) [IDA],61765.9, ,0.0
902439,,31,-22.958551,-43.382573,1740100963000,58.6,,volta,31 - ALVORADA X VICENTE DE CARVALHO (SEMIDIRETO) [VOLTA],47083.7,77,1.0
901100,,67,-22.919754,-43.608477,1740100232000,0.0,,ida,67 - CAMPO GRANDE X TERMINAL DEODORO [IDA],2264.9,262,0.0
902445,,90,-22.854903,-43.252113,1740099500000,0.0,,ida,90 - FUNDÃO X TIG (PARADOR) [IDA],62933.3, ,0.0
902353,,80,-22.849666,-43.397442,1740100990000,0.0,,ida,80 - PENHA X TIG (PARADOR) [IDA],2163.1,230,1.0
902316,,60,-22.898336,-43.2113,1740100979000,0.0,,volta,60 - TIG  X  TERMINAL DEODORO (PARADOR) [VOLTA],65226.7,296,1.0
902145,,18,-23.000969,-43.367497,1740098283000,0.0,,ida,18 - PONTAL X JARDIM OCEÂNICO (EXPRESSO) [IDA],190341.3, ,0.0
902354,,51,-22.85397,-43.383945,1740100979000,0.0,,ida,51 - T. DEODORO X T. RECREIO (PARADOR) [IDA],29702.3,292,1.0
902149,,25,-22.92056,-43.645292,1740098232000,0.0,,ida,25 - MATO ALTO X ALVORADA (PARADOR) [IDA],100502.7, ,0.0
902317,,80,-22.897543,-43.212338,1740100969000,28.4,,volta,80 - TIG X PENHA (PARADOR) [VOLTA],71046.6,313,1.0
902214,,10,-22.93598,-43.666975,1740100989000,21.6,,volta,10 - ALVORADA X SANTA CRUZ (EXPRESSO) [VOLTA],123332.1,301,1.0
902443,,43,-22.85451,-43.251348,1740100972000,0.0,,ida,43 - FUNDÃO X SANTA EFIGENIA (EXPRESSO) [IDA],35381.5,17,1.0
902136,,12,-22.958398,-43.649961,1740100988000,54.6,,ida,12 - PINGO D'AGUA X ALVORADA (EXPRESSO) [IDA],124799.0,8,1.0
902142,,15,-23.00034,-43.392924,1740100987000,57.6,,volta,15 - ALVORADA X CURRAL FALSO [VOLTA],121075.8,271,1.0
902143,,15,-23.001018,-43.367492,1740100136000,0.0,,volta,15 - ALVORADA X CURRAL FALSO [VOLTA],3105.5, ,0.0
902301,,60,-22.817629,-43.307272,1740100982000,46.9,,ida,60 - TERMINAL DEODORO X TIG (PARADOR) [IDA],71938.4,55,1.0
902329,,60,-22.848836,-43.397229,1740100045000,0.0,,ida,60 - TERMINAL DEODORO X TIG (PARADOR) [IDA],73009.5,107,0.0
902456,,90,-22.854718,-43.251927,1736174196000,0.0,,ida,90 - FUNDÃO X TIG (PARADOR) [IDA],24125.3,159,0.0
902148,,12,-22.920691,-43.645197,1740095634000,0.0,,ida,12 - PINGO D'AGUA X ALVORADA (EXPRESSO) [IDA],148284.7, ,0.0
902139,,10,-22.920331,-43.607016,1740099460000,0.0,,ida,10 - SANTA CRUZ X ALVORADA (EXPRESSO) [IDA],133011.0, ,0.0
902165,,10,-22.920986,-43.645975,1740100402000,0.0,,ida,10 - SANTA CRUZ X ALVORADA (EXPRESSO) [IDA],2416.4,341,0.0
902135,,12,-22.92092,-43.645584,1740100983000,0.0,,ida,12 - PINGO D'AGUA X ALVORADA (EXPRESSO) [IDA],239030.0, ,1.0
902134,,18,-22.973214,-43.396515,1740097815000,58.2,,ida,18 - PONTAL X JARDIM OCEÂNICO (EXPRESSO) [IDA],124750.7,270,1.0
902124,,0,-22.920538,-43.60701,1740099782000,0.0,,,,90792.0, ,0.0
902138,,25,-22.92051,-43.645334,1740098573000,0.0,,ida,25 - MATO ALTO X ALVORADA (PARADOR) [IDA],103827.6,287,0.0
902161,,12,-22.990724,-43.600792,1740100600000,59.2,,volta,12 - ALVORADA X PINGO D'AGUA (EXPRESSO) [VOLTA],70207.7,305,1.0
902147,,12,-22.999378,-43.583001,1740100980000,58.3,,volta,12 - ALVORADA X PINGO D'AGUA (EXPRESSO) [VOLTA],6141.2,284,1.0
902332,,60,-22.848208,-43.396767,1740100974000,0.0,,ida,60 - TERMINAL DEODORO X TIG (PARADOR) [IDA],61716.6,59,1.0
902320,,60,-22.848338,-43.396722,1740100987000,0.0,,ida,60 - TERMINAL DEODORO X TIG (PARADOR) [IDA],72419.8,72,1.0
902322,,60,-22.850054,-43.398692,1740100462000,0.0,,ida,60 - TERMINAL DEODORO X TIG (PARADOR) [IDA],70162.6, ,0.0
902396,,60,-22.850103,-43.397815,1740100974000,0.0,,ida,60 - TERMINAL DEODORO X TIG (PARADOR) [IDA],3834.6,121,0.0
902350,,60,-22.848852,-43.397692,1740099374000,0.0,,ida,60 - TERMINAL DEODORO X TIG (PARADOR) [IDA],3997.7,111,0.0
902387,,60,-22.849348,-43.39732,1740100982000,0.0,,ida,60 - TERMINAL DEODORO X TIG (PARADOR) [IDA],3443.6,184,1.0
902341,,60,-22.849115,-43.397386,1740099959000,0.0,,ida,60 - TERMINAL DEODORO X TIG (PARADOR) [IDA],4456.6,106,0.0
902347,,61,-22.842719,-43.254114,1740100206000,0.0,,ida,61 - TERMINAL DEODORO X TIG (EXPRESSO) [IDA],44593.6,294,0.0
902374,,60,-22.850052,-43.398616,1740100806000,0.0,,ida,60 - TERMINAL DEODORO X TIG (PARADOR) [IDA],2128.4,208,0.0
902363,,60,-22.850068,-43.398604,1740100974000,0.0,,ida,60 - TERMINAL DEODORO X TIG (PARADOR) [IDA],4098.8,220,1.0
902371,,80,-22.848638,-43.397763,1740100945000,0.0,,ida,80 - PENHA X TIG (PARADOR) [IDA],3705.3,110,0.0
902400,,60,-22.848966,-43.39714,1740100422000,0.0,,ida,60 - TERMINAL DEODORO X TIG (PARADOR) [IDA],1632.4,111,0.0
902408,,61,-22.84793,-43.396555,1739418326000,0.0,,ida,61 - TERMINAL DEODORO X TIG (EXPRESSO) [IDA],42378.5,54,1.0
902360,,60,-22.84891,-43.397051,1740099786000,0.0,,ida,60 - TERMINAL DEODORO X TIG (PARADOR) [IDA],3658.9,142,0.0
902230,,11,-23.016025,-43.517646,1740100980000,47.5,,ida,11 - SANTA CRUZ X ALVORADA (PARADOR) [IDA],113841.7,98,1.0
902197,,10,-22.921065,-43.645854,1740100533000,0.0,,ida,10 - SANTA CRUZ X ALVORADA (EXPRESSO) [IDA],143567.1, ,0.0
902191,,12,-23.000582,-43.416337,1740100972000,56.6,,volta,12 - ALVORADA X PINGO D'AGUA (EXPRESSO) [VOLTA],140762.0,257,1.0
902201,,18,-22.974154,-43.363642,1740100976000,36.9,,ida,18 - PONTAL X JARDIM OCEÂNICO (EXPRESSO) [IDA],142747.6,193,1.0
902172,,10,-22.968152,-43.637889,1740100973000,59.8,,volta,10 - ALVORADA X SANTA CRUZ (EXPRESSO) [VOLTA],140765.5,287,1.0
902179,,13,-22.920676,-43.645929,1740100986000,0.0,,ida,13 - MATO ALTO X ALVORADA (EXPRESSO) [IDA],110138.9,160,1.0
902182,,25,-23.000884,-43.367609,1740098165000,0.0,,volta,25 - ALVORADA X MATO ALTO (PARADOR) [VOLTA],127787.6, ,0.0
902192,,15,-22.920842,-43.645872,1740098548000,0.0,,ida,15 - CURRAL FALSO X ALVORADA [IDA],136314.1,164,0.0
902188,,10,-23.000885,-43.577289,1740100978000,58.5,,ida,10 - SANTA CRUZ X ALVORADA (EXPRESSO) [IDA],135825.8,104,1.0
902181,,18,-22.97267,-43.401535,1740099686000,0.0,,ida,18 - PONTAL X JARDIM OCEÂNICO (EXPRESSO) [IDA],133167.2, ,0.0
902196,,13,-22.920778,-43.645234,1740100791000,0.0,,ida,13 - MATO ALTO X ALVORADA (EXPRESSO) [IDA],81226.8, ,0.0
902169,,10,-22.920381,-43.64534,1740100603000,0.0,,ida,10 - SANTA CRUZ X ALVORADA (EXPRESSO) [IDA],124851.9,282,0.0
902183,,13,-23.000267,-43.40072,1740100987000,60.8,,ida,13 - MATO ALTO X ALVORADA (EXPRESSO) [IDA],142932.9,92,1.0
902167,,25,-23.010882,-43.453173,1740100979000,0.0,,volta,25 - ALVORADA X MATO ALTO (PARADOR) [VOLTA],148740.2,253,1.0
902162,,10,-22.920308,-43.607803,1740099410000,0.0,,ida,10 - SANTA CRUZ X ALVORADA (EXPRESSO) [IDA],117979.5,166,0.0
902483,,67,-22.919232,-43.608291,1740100818000,0.0,,ida,67 - CAMPO GRANDE X TERMINAL DEODORO [IDA],3053.9,267,0.0
902330,,60,-22.848955,-43.397544,1740100985000,0.0,,ida,60 - TERMINAL DEODORO X TIG (PARADOR) [IDA],4100.7,107,1.0
902479,,68,-22.848503,-43.396567,1740100975000,0.0,,ida,68 - BANGU X TERMINAL DEODORO [IDA],1332.6,118,1.0
902459,,68,-22.875073,-43.462477,1740100976000,0.0,,ida,68 - BANGU X TERMINAL DEODORO [IDA],1857.7,177,1.0
902356,,60,-22.849754,-43.398543,1740100976000,0.0,,ida,60 - TERMINAL DEODORO X TIG (PARADOR) [IDA],123808.7, ,1.0
902345,,60,-22.841509,-43.252224,1740100966000,41.5,,volta,60 - TIG  X  TERMINAL DEODORO (PARADOR) [VOLTA],3571.6,319,1.0
902480,,68,-22.853732,-43.384394,1740100989000,4.7,,volta,68 - TERMINAL DEODORO X BANGU [VOLTA],1312.1,232,1.0
902470,,67,-22.919422,-43.608446,1740099879000,0.0,,ida,67 - CAMPO GRANDE X TERMINAL DEODORO [IDA],1839.2,260,0.0
902465,,68,-22.848463,-43.396331,1740100145000,0.0,,ida,68 - BANGU X TERMINAL DEODORO [IDA],848.0,11,0.0
902458,,68,-22.857995,-43.392959,1740100971000,37.9,,volta,68 - TERMINAL DEODORO X BANGU [VOLTA],1451.3,241,1.0
902460,,68,-22.870453,-43.456205,1740100967000,0.0,,volta,68 - TERMINAL DEODORO X BANGU [VOLTA],1317.4,246,1.0
902476,,68,-22.853567,-43.38449,1740100979000,9.7,,volta,68 - TERMINAL DEODORO X BANGU [VOLTA],1972.4,290,1.0
902461,,68,-22.849886,-43.397971,1740100340000,0.0,,ida,68 - BANGU X TERMINAL DEODORO [IDA],327.5,130,0.0
902469,,67,-22.919267,-43.608486,1740100105000,0.0,,ida,67 - CAMPO GRANDE X TERMINAL DEODORO [IDA],2889.3,274,0.0
902473,,67,-22.91939,-43.608336,1740100861000,0.0,,ida,67 - CAMPO GRANDE X TERMINAL DEODORO [IDA],2590.0,261,0.0
902482,,67,-22.895258,-43.537367,1740100990000,35.6,,volta,67 - TERMINAL DEODORO X CAMPO GRANDE [VOLTA],2075.5,225,1.0
902310,,61,-22.848167,-43.396801,1740099791000,0.0,,ida,61 - TERMINAL DEODORO X TIG (EXPRESSO) [IDA],70468.7, ,0.0
902486,,67,-22.853954,-43.383798,1740100964000,8.1,,volta,67 - TERMINAL DEODORO X CAMPO GRANDE [VOLTA],2050.0,107,1.0
902176,,11,-23.00104,-43.36503,1740100212000,0.2,,volta,11 - ALVORADA X SANTA CRUZ (PARADOR) [VOLTA],126029.0,262,1.0
902180,,10,-22.921257,-43.645686,1740100980000,0.0,,ida,10 - SANTA CRUZ X ALVORADA (EXPRESSO) [IDA],128230.7,62,1.0
902164,,10,-22.919986,-43.6085,1738793426000,0.0,,ida,10 - SANTA CRUZ X ALVORADA (EXPRESSO) [IDA],119984.4, ,0.0
902160,,11,-23.000522,-43.383423,1740100985000,23.6,,ida,11 - SANTA CRUZ X ALVORADA (PARADOR) [IDA],125157.4,87,1.0
902174,,15,-23.000737,-43.364425,1740100539000,0.0,,volta,15 - ALVORADA X CURRAL FALSO [VOLTA],124769.5,113,1.0
902173,,10,-22.916011,-43.608128,1740100984000,20.5,,ida,10 - SANTA CRUZ X ALVORADA (EXPRESSO) [IDA],149625.2,72,1.0
902170,,11,-22.92011,-43.60846,1736425749000,0.0,,ida,11 - SANTA CRUZ X ALVORADA (PARADOR) [IDA],53404.5,273,0.0
902130,,25,-22.920153,-43.607018,1740099796000,0.0,,ida,25 - MATO ALTO X ALVORADA (PARADOR) [IDA],116652.9,179,0.0
902158,,12,-23.000932,-43.366579,1740100534000,0.0,,volta,12 - ALVORADA X PINGO D'AGUA (EXPRESSO) [VOLTA],138945.5,290,1.0
902166,,12,-22.920409,-43.64535,1740100165000,0.0,,ida,12 - PINGO D'AGUA X ALVORADA (EXPRESSO) [IDA],141844.8,287,0.0
902163,,11,-23.000758,-43.364532,1740100882000,0.0,,volta,11 - ALVORADA X SANTA CRUZ (PARADOR) [VOLTA],151869.9,88,0.0
902168,SRM2J21,25,-23.000683,-43.365158,1740100116000,0.0,,volta,25 - ALVORADA X MATO ALTO (PARADOR) [VOLTA],9642.0,923,0.0
902140,,18,-22.972419,-43.401294,1740100890000,0.0,,ida,18 - PONTAL X JARDIM OCEÂNICO (EXPRESSO) [IDA],131599.6, ,0.0
902159,,12,-22.920723,-43.607725,1740100060000,0.0,,ida,12 - PINGO D'AGUA X ALVORADA (EXPRESSO) [IDA],152065.7, ,0.0
902484,,67,-22.920291,-43.607968,1739856118000,0.0,,ida,67 - CAMPO GRANDE X TERMINAL DEODORO [IDA],0.1, ,0.0
902468,,67,-22.919402,-43.60846,1740100672000,0.0,,ida,67 - CAMPO GRANDE X TERMINAL DEODORO [IDA],2403.9,269,0.0
902475,,68,-22.848534,-43.396335,1740099328000,0.0,,ida,68 - BANGU X TERMINAL DEODORO [IDA],846.8,101,0.0
902466,,67,-22.91933,-43.60847,1740099231000,0.0,,ida,67 - CAMPO GRANDE X TERMINAL DEODORO [IDA],2838.6,275,0.0
902464,,68,-22.850366,-43.398057,1740100154000,0.0,,ida,68 - BANGU X TERMINAL DEODORO [IDA],41464.3,134,0.0
902462,,68,-22.848446,-43.396528,1740100679000,0.0,,ida,68 - BANGU X TERMINAL DEODORO [IDA],949.0,331,0.0
902157,,25,-23.001,-43.367065,1740098784000,0.0,,volta,25 - ALVORADA X MATO ALTO (PARADOR) [VOLTA],124368.8, ,0.0
902478,,68,-22.848547,-43.396521,1740100961000,0.0,,ida,68 - BANGU X TERMINAL DEODORO [IDA],1519.6,70,0.0
902463,,68,-22.853518,-43.391192,1740100985000,0.0,,ida,68 - BANGU X TERMINAL DEODORO [IDA],978.4,357,1.0
902481,,67,-22.919322,-43.608355,1740100378000,0.0,,ida,67 - CAMPO GRANDE X TERMINAL DEODORO [IDA],40.1,264,0.0
902472,,67,-22.892383,-43.528838,1740100980000,28.8,,ida,67 - CAMPO GRANDE X TERMINAL DEODORO [IDA],2881.9,54,1.0
902471,,28,-22.954099,-43.684697,1740100983000,0.0,,volta,28 - CURRAL FALSO X PINGO D'ÁGUA [VOLTA],2388.6,232,1.0
902474,,67,-22.854499,-43.396055,1740100961000,58.1,,ida,67 - CAMPO GRANDE X TERMINAL DEODORO [IDA],2707.1,60,1.0
902241,,12,-22.920331,-43.6083,1740100971000,0.0,,ida,12 - PINGO D'AGUA X ALVORADA (EXPRESSO) [IDA],27870.6, ,1.0
902467,,67,-22.9189,-43.607538,1740100873000,0.0,,ida,67 - CAMPO GRANDE X TERMINAL DEODORO [IDA],1993.8,96,0.0
902121,SQX3F57,12,-22.920595,-43.60699,1740099228000,0.0,,ida,12 - PINGO D'AGUA X ALVORADA (EXPRESSO) [IDA],88649.1, ,0.0
902195,,18,-22.972537,-43.40163,1740099664000,0.0,,ida,18 - PONTAL X JARDIM OCEÂNICO (EXPRESSO) [IDA],109960.9, ,0.0
902194,,25,-22.921004,-43.645722,1740099952000,0.0,,ida,25 - MATO ALTO X ALVORADA (PARADOR) [IDA],132028.6, ,0.0
902199,,15,-22.921152,-43.645845,1740099831000,0.0,,ida,15 - CURRAL FALSO X ALVORADA [IDA],129598.5, ,0.0
902178,,18,-22.972463,-43.401567,1740097394000,0.0,,ida,18 - PONTAL X JARDIM OCEÂNICO (EXPRESSO) [IDA],114421.0, ,0.0
902186,,12,-22.917295,-43.606962,1740100980000,0.0,,ida,12 - PINGO D'AGUA X ALVORADA (EXPRESSO) [IDA],128549.5,1,1.0
902190,,18,-22.972614,-43.401541,1740096671000,0.0,,ida,18 - PONTAL X JARDIM OCEÂNICO (EXPRESSO) [IDA],154497.2,223,0.0
902171,,20,-22.92067,-43.643785,1740100966000,28.1,,ida,20 - SANTA CRUZ X SALVADOR ALLENDE (EXPRESSO) [IDA],10051.5,63,1.0
902198,,12,-22.96663,-43.643412,1740100983000,56.9,,ida,12 - PINGO D'AGUA X ALVORADA (EXPRESSO) [IDA],0.0,107,1.0
902368,,60,-22.854108,-43.38417,1740100971000,21.2,,ida,60 - TERMINAL DEODORO X TIG (PARADOR) [IDA],3920.9,113,1.0
902218,,15,-22.921149,-43.645844,1740099323000,0.0,,ida,15 - CURRAL FALSO X ALVORADA [IDA],118916.3, ,0.0
902323,,60,-22.864464,-43.247965,1740100974000,55.4,,ida,60 - TERMINAL DEODORO X TIG (PARADOR) [IDA],4769.0,177,1.0
902457,,68,-22.869625,-43.442836,1740100979000,11.1,,ida,68 - BANGU X TERMINAL DEODORO [IDA],1775.2,81,1.0
902477,,68,-22.848064,-43.396479,1739841704000,0.0,,ida,68 - BANGU X TERMINAL DEODORO [IDA],0.5,62,0.0
902485,,67,-22.919378,-43.608323,1740099912000,0.0,,ida,67 - CAMPO GRANDE X TERMINAL DEODORO [IDA],2260.7,280,0.0
902175,,10,-23.000251,-43.412937,1740100989000,58.0,,ida,10 - SANTA CRUZ X ALVORADA (EXPRESSO) [IDA],128649.4,83,1.0
902193,,18,-23.000862,-43.367481,1740100804000,0.0,,ida,18 - PONTAL X JARDIM OCEÂNICO (EXPRESSO) [IDA],129859.3, ,0.0
902200,,15,-23.001011,-43.364689,1740100959000,14.1,,volta,15 - ALVORADA X CURRAL FALSO [VOLTA],128027.4,287,1.0
902204,,12,-22.967301,-43.641042,1740100988000,58.7,,volta,12 - ALVORADA X PINGO D'AGUA (EXPRESSO) [VOLTA],147520.5,287,1.0
902207,,12,-23.015911,-43.473002,1740100981000,56.8,,volta,12 - ALVORADA X PINGO D'AGUA (EXPRESSO) [VOLTA],29644.4,254,1.0
902227,,15,-22.92015,-43.607023,1740099747000,0.0,,ida,15 - CURRAL FALSO X ALVORADA [IDA],136392.8,185,0.0
902224,,15,-22.920953,-43.646059,1740099078000,0.0,,ida,15 - CURRAL FALSO X ALVORADA [IDA],119011.2,166,0.0
902251,,20,-23.011952,-43.531492,1740100919000,61.7,,ida,20 - SANTA CRUZ X SALVADOR ALLENDE (EXPRESSO) [IDA],70884.1,120,1.0
902222,,10,-22.916797,-43.606964,1740100984000,0.0,,ida,10 - SANTA CRUZ X ALVORADA (EXPRESSO) [IDA],137743.9, ,1.0
902209,,10,-22.965356,-43.647066,1740100975000,28.7,,ida,10 - SANTA CRUZ X ALVORADA (EXPRESSO) [IDA],91551.3,131,1.0
902250,,15,-22.920359,-43.646062,1740100748000,0.0,,ida,15 - CURRAL FALSO X ALVORADA [IDA],100580.0, ,0.0
902221,,13,-22.920953,-43.645996,1740100247000,0.0,,ida,13 - MATO ALTO X ALVORADA (EXPRESSO) [IDA],103836.0, ,0.0
902217,,25,-22.920463,-43.64533,1740099491000,0.0,,ida,25 - MATO ALTO X ALVORADA (PARADOR) [IDA],131482.0,282,0.0
902265,,18,-22.920391,-43.60787,1739856073000,0.0,,ida,18 - PONTAL X JARDIM OCEÂNICO (EXPRESSO) [IDA],0.0, ,0.0
902274,,19,-22.920197,-43.646066,1740099659000,0.0,,ida,19 - PINGO D'AGUA X SALVADOR ALLENDE (EXPRESSO) [IDA],101895.1, ,0.0
902212,,10,-22.917604,-43.6843,1740100930000,0.0,,ida,10 - SANTA CRUZ X ALVORADA (EXPRESSO) [IDA],138967.4,168,1.0
902154,SQX3F84,10,-23.00108,-43.367956,1740100969000,0.0,,volta,10 - ALVORADA X SANTA CRUZ (EXPRESSO) [VOLTA],0.0,263,1.0
902211,,13,-22.921094,-43.645681,1740099607000,0.0,,ida,13 - MATO ALTO X ALVORADA (EXPRESSO) [IDA],134727.0, ,0.0
902220,,13,-23.00098,-43.367648,1740099059000,0.0,,volta,13 - ALVORADA X  MATO ALTO (EXPRESSO) [VOLTA],136427.0, ,0.0
902219,,11,-23.005561,-43.432173,1740100979000,0.0,,volta,11 - ALVORADA X SANTA CRUZ (PARADOR) [VOLTA],145958.8,245,1.0
902210,,20,-23.01597,-43.473153,1740100971000,57.9,,volta,20 - SALVADOR ALLENDE X SANTA CRUZ (EXPRESSO) [VOLTA],142965.1,255,1.0
902263,,10,-23.019471,-43.486776,1740100976000,22.8,,volta,10 - ALVORADA X SANTA CRUZ (EXPRESSO) [VOLTA],107745.5,252,1.0
902189,,10,-22.930708,-43.673715,1740100862000,19.8,,ida,10 - SANTA CRUZ X ALVORADA (EXPRESSO) [IDA],116111.2,135,1.0
902208,,25,-22.920726,-43.64561,1740100971000,0.0,,ida,25 - MATO ALTO X ALVORADA (PARADOR) [IDA],136489.6,343,1.0
902202,,10,-22.92849,-43.653913,1740100986000,28.0,,ida,10 - SANTA CRUZ X ALVORADA (EXPRESSO) [IDA],136930.9,234,1.0
902184,,10,-23.008183,-43.441718,1740100961000,34.4,,ida,10 - SANTA CRUZ X ALVORADA (EXPRESSO) [IDA],81360.3,75,1.0
902206,,18,-22.9722,-43.401612,1740099746000,0.0,,ida,18 - PONTAL X JARDIM OCEÂNICO (EXPRESSO) [IDA],132772.299, ,0.0
902203,,12,-22.99333,-43.597285,1740100989000,0.0,,ida,12 - PINGO D'AGUA X ALVORADA (EXPRESSO) [IDA],90026.9,147,1.0
902187,,25,-22.920515,-43.645325,1740099069000,0.0,,ida,25 - MATO ALTO X ALVORADA (PARADOR) [IDA],121026.3,285,0.0
902264,,15,-22.919505,-43.645809,1740100166000,0.0,,ida,15 - CURRAL FALSO X ALVORADA [IDA],153441.3,252,0.0
902266,,10,-23.019427,-43.485919,1740100973000,43.1,,ida,10 - SANTA CRUZ X ALVORADA (EXPRESSO) [IDA],125747.4,75,1.0
902268,,20,-22.927799,-43.677246,1740100947000,23.4,,volta,20 - SALVADOR ALLENDE X SANTA CRUZ (EXPRESSO) [VOLTA],100408.5,313,1.0
902271,,0,-22.919991,-43.608425,1735869681000,0.0,,,,135715.5, ,0.0
902286,,10,-23.000671,-43.364682,1740100984000,0.0,,volta,10 - ALVORADA X SANTA CRUZ (EXPRESSO) [VOLTA],85546.9, ,1.0
902292,,19,-22.919837,-43.6073,1740100717000,0.0,,ida,19 - PINGO D'AGUA X SALVADOR ALLENDE (EXPRESSO) [IDA],185513.8,89,0.0
902293,,20,-22.93575,-43.666524,1740100980000,14.1,,ida,20 - SANTA CRUZ X SALVADOR ALLENDE (EXPRESSO) [IDA],105489.6,48,1.0
902280,,20,-22.920532,-43.6075,1740096137000,0.0,,ida,20 - SANTA CRUZ X SALVADOR ALLENDE (EXPRESSO) [IDA],100679.7,336,0.0
902275,,19,-22.842711,-43.253928,1738408359000,0.0,,ida,19 - PINGO D'AGUA X SALVADOR ALLENDE (EXPRESSO) [IDA],43458.3,200,0.0
902261,,19,-22.9209,-43.645879,1740100817000,0.0,,ida,19 - PINGO D'AGUA X SALVADOR ALLENDE (EXPRESSO) [IDA],97499.7,165,0.0
902281,,12,-22.919563,-43.64574,1740100268000,0.0,,ida,12 - PINGO D'AGUA X ALVORADA (EXPRESSO) [IDA],100825.3,252,0.0
902252,,19,-22.920343,-43.606974,1740100399000,0.0,,ida,19 - PINGO D'AGUA X SALVADOR ALLENDE (EXPRESSO) [IDA],98912.5, ,0.0
902277,,18,-22.919974,-43.646019,1740100979000,0.0,,ida,18 - PONTAL X JARDIM OCEÂNICO (EXPRESSO) [IDA],107280.3,170,1.0
902246,,18,-22.920131,-43.608319,1740099172000,0.0,,ida,18 - PONTAL X JARDIM OCEÂNICO (EXPRESSO) [IDA],136925.3, ,0.0
902244,,15,-22.915519,-43.617115,1740100989000,44.0,,ida,15 - CURRAL FALSO X ALVORADA [IDA],126457.5,92,1.0
902282,,20,-22.969605,-43.626627,1740100980000,59.2,,ida,20 - SANTA CRUZ X SALVADOR ALLENDE (EXPRESSO) [IDA],101817.1,78,1.0
902258,,20,-22.919666,-43.645703,1740100987000,0.0,,ida,20 - SANTA CRUZ X SALVADOR ALLENDE (EXPRESSO) [IDA],102322.8,252,1.0
902287,,19,-22.920171,-43.646055,1740099781000,0.0,,ida,19 - PINGO D'AGUA X SALVADOR ALLENDE (EXPRESSO) [IDA],97124.5,292,0.0
902276,,12,-22.920738,-43.608165,1740099043000,0.0,,ida,12 - PINGO D'AGUA X ALVORADA (EXPRESSO) [IDA],110317.5, ,0.0
902226,,10,-22.920678,-43.645238,1740100379000,0.0,,ida,10 - SANTA CRUZ X ALVORADA (EXPRESSO) [IDA],125952.2, ,0.0
902216,,10,-23.000954,-43.367285,1740100686000,0.0,,volta,10 - ALVORADA X SANTA CRUZ (EXPRESSO) [VOLTA],106359.4, ,0.0
902237,,22,-23.000986,-43.367441,1740099429000,0.0,,ida,22 - ALVORADA X JARDIM OCEÂNICO (PARADOR) [IDA],110072.2, ,0.0
902223,,25,-23.020507,-43.500475,1740100963000,22.1,,volta,25 - ALVORADA X MATO ALTO (PARADOR) [VOLTA],1161.4,290,1.0
902215,,0,-22.988186,-43.603936,1740100973000,56.9,,,,132806.1,133,1.0
902122,SQX3B59,10,-22.963413,-43.390088,1740100970000,0.0,,ida,10 - SANTA CRUZ X ALVORADA (EXPRESSO) [IDA],143231.9, ,1.0
902290,,20,-22.939205,-43.666345,1740100978000,39.0,,volta,20 - SALVADOR ALLENDE X SANTA CRUZ (EXPRESSO) [VOLTA],98812.6,340,1.0
902291,,20,-23.017478,-43.511501,1740100949000,54.1,,volta,20 - SALVADOR ALLENDE X SANTA CRUZ (EXPRESSO) [VOLTA],114046.4,287,1.0
902257,,10,-23.019338,-43.505465,1740100984000,60.0,,volta,10 - ALVORADA X SANTA CRUZ (EXPRESSO) [VOLTA],103196.5,107,1.0
902231,,0,-22.92388,-43.648716,1740100985000,0.0,,,,124671.0,45,1.0
902289,,10,-22.999463,-43.582664,1740100973000,48.3,,volta,10 - ALVORADA X SANTA CRUZ (EXPRESSO) [VOLTA],70285.5,284,1.0
902236,,11,-23.017038,-43.476733,1740100986000,11.2,,ida,11 - SANTA CRUZ X ALVORADA (PARADOR) [IDA],93186.6,63,1.0
902273,,17,-22.919976,-43.60825,1739667193000,0.0,,volta,17 - SANTA CRUZ X CAMPO GRANDE (PARADOR) [VOLTA],101547.7, ,0.0
902253,,20,-23.011831,-43.45617,1740100975000,56.0,,ida,20 - SANTA CRUZ X SALVADOR ALLENDE (EXPRESSO) [IDA],108114.4,74,1.0
902285,,19,-22.920223,-43.646029,1740099595000,0.0,,ida,19 - PINGO D'AGUA X SALVADOR ALLENDE (EXPRESSO) [IDA],97601.3, ,0.0
902240,,12,-23.000689,-43.366304,1740100176000,0.0,,volta,12 - ALVORADA X PINGO D'AGUA (EXPRESSO) [VOLTA],134532.9, ,0.0
902228,,25,-22.920085,-43.60826,1740099113000,0.0,,ida,25 - MATO ALTO X ALVORADA (PARADOR) [IDA],147175.8, ,0.0
902242,,12,-22.91964,-43.645727,1740100490000,0.0,,ida,12 - PINGO D'AGUA X ALVORADA (EXPRESSO) [IDA],127924.1,260,0.0
902225,,18,-22.919577,-43.645727,1740100399000,0.0,,ida,18 - PONTAL X JARDIM OCEÂNICO (EXPRESSO) [IDA],117749.9,257,0.0
902247,,18,-22.920011,-43.608471,1740098150000,0.0,,ida,18 - PONTAL X JARDIM OCEÂNICO (EXPRESSO) [IDA],123255.2, ,0.0
902279,,19,-22.920327,-43.645933,1740100682000,0.1,,ida,19 - PINGO D'AGUA X SALVADOR ALLENDE (EXPRESSO) [IDA],104561.2,79,0.0
902259,,20,-22.921329,-43.645884,1740100974000,0.0,,ida,20 - SANTA CRUZ X SALVADOR ALLENDE (EXPRESSO) [IDA],125452.2, ,1.0
902232,,11,-22.920551,-43.608138,1740099605000,0.0,,ida,11 - SANTA CRUZ X ALVORADA (PARADOR) [IDA],137375.7, ,0.0
902233,,13,-22.920496,-43.607449,1740100969000,0.0,,ida,13 - MATO ALTO X ALVORADA (EXPRESSO) [IDA],133054.2, ,1.0
902238,,10,-22.921185,-43.645936,1740100983000,0.0,,ida,10 - SANTA CRUZ X ALVORADA (EXPRESSO) [IDA],155467.4, ,1.0
902413,,12,-23.000185,-43.366921,1740100977000,20.2,,volta,12 - ALVORADA X PINGO D'AGUA (EXPRESSO) [VOLTA],136576.0,302,1.0
902245,,10,-22.926193,-43.678871,1740100978000,41.9,,volta,10 - ALVORADA X SANTA CRUZ (EXPRESSO) [VOLTA],137173.0,334,1.0
902260,,20,-22.993476,-43.597012,1740100979000,0.7,,volta,20 - SALVADOR ALLENDE X SANTA CRUZ (EXPRESSO) [VOLTA],101702.7,309,1.0
902283,,20,-22.920921,-43.645761,1740099558000,0.0,,ida,20 - SANTA CRUZ X SALVADOR ALLENDE (EXPRESSO) [IDA],718960.5, ,0.0
902120,,25,-22.935405,-43.666134,1740100978000,0.1,,ida,25 - MATO ALTO X ALVORADA (PARADOR) [IDA],125187.3,240,1.0
902205,,13,-22.920662,-43.645864,1740099441000,0.0,,ida,13 - MATO ALTO X ALVORADA (EXPRESSO) [IDA],131877.5,173,0.0
861039050300660,,0,-22.848323,-43.397092,1703783970000,0.0,,,,115.5, ,
902243,,25,-23.000433,-43.392993,1740100985000,50.8,,ida,25 - MATO ALTO X ALVORADA (PARADOR) [IDA],130183.7,92,1.0
901101,,67,-22.855576,-43.491149,1740100974000,31.5,,ida,67 - CAMPO GRANDE X TERMINAL DEODORO [IDA],3378.2,66,1.0
902270,,20,-22.920897,-43.645815,1740099031000,0.0,,ida,20 - SANTA CRUZ X SALVADOR ALLENDE (EXPRESSO) [IDA],93013.1, ,0.0
902152,,15,-22.921084,-43.645744,1740099673000,0.0,,ida,15 - CURRAL FALSO X ALVORADA [IDA],118628.8, ,0.0
902234,,15,-23.033154,-43.530419,1740100981000,148.7,,ida,15 - CURRAL FALSO X ALVORADA [IDA],130812.6,134,1.0
902432,,13,-23.018241,-43.508818,1740100976000,55.7,,volta,13 - ALVORADA X  MATO ALTO (EXPRESSO) [VOLTA],135840.9,287,1.0
902269,,10,-22.920067,-43.608439,1736398012000,0.0,,ida,10 - SANTA CRUZ X ALVORADA (EXPRESSO) [IDA],34574.1, ,0.0
902296,,20,-22.9356,-43.667154,1740100976000,0.0,,ida,20 - SANTA CRUZ X SALVADOR ALLENDE (EXPRESSO) [IDA],98767.0,181,1.0
902235,,12,-23.001041,-43.36442,1740100988000,19.9,,volta,12 - ALVORADA X PINGO D'AGUA (EXPRESSO) [VOLTA],135305.5,241,1.0
902295,,20,-22.919934,-43.607224,1740100112000,0.0,,ida,20 - SANTA CRUZ X SALVADOR ALLENDE (EXPRESSO) [IDA],64154.2, ,0.0
902288,,19,-22.920241,-43.646011,1740099502000,0.0,,ida,19 - PINGO D'AGUA X SALVADOR ALLENDE (EXPRESSO) [IDA],60502.4, ,0.0
902294,,20,-22.920103,-43.608263,1740100982000,0.0,,ida,20 - SANTA CRUZ X SALVADOR ALLENDE (EXPRESSO) [IDA],58533.3, ,1.0
902412,,15,-23.007316,-43.438601,1740100975000,38.6,,ida,15 - CURRAL FALSO X ALVORADA [IDA],124979.0,73,1.0
902123,,22,-22.920803,-43.607766,1740100975000,0.0,,ida,22 - ALVORADA X JARDIM OCEÂNICO (PARADOR) [IDA],126171.4, ,1.0
902416,,60,-22.848977,-43.397147,1740100348000,0.0,,ida,60 - TERMINAL DEODORO X TIG (PARADOR) [IDA],57029.3, ,0.0
902423,,90,-22.82845,-43.272603,1740100984000,57.1,,ida,90 - FUNDÃO X TIG (PARADOR) [IDA],59715.6,309,1.0
902141,,20,-22.919992,-43.608566,1732376064000,0.0,,ida,20 - SANTA CRUZ X SALVADOR ALLENDE (EXPRESSO) [IDA],53417.7, ,0.0
902254,,20,-23.004964,-43.43041,1740100978000,25.6,,ida,20 - SANTA CRUZ X SALVADOR ALLENDE (EXPRESSO) [IDA],66243.8,251,1.0
902255,,60,-22.849653,-43.398505,1726970363000,0.0,,ida,60 - TERMINAL DEODORO X TIG (PARADOR) [IDA],14082.1, ,0.0
902256,,20,-22.920923,-43.645966,1740097660000,0.0,,ida,20 - SANTA CRUZ X SALVADOR ALLENDE (EXPRESSO) [IDA],88790.9,163,0.0
902297,,10,-22.940951,-43.664289,1740100980000,0.0,,ida,10 - SANTA CRUZ X ALVORADA (EXPRESSO) [IDA],62889.7, ,1.0
902419,,12,-22.920735,-43.643952,1740100974000,32.3,,ida,12 - PINGO D'AGUA X ALVORADA (EXPRESSO) [IDA],125412.4,238,1.0
902421,,90,-22.890712,-43.216856,1740100982000,58.9,,volta,90 - TIG x FUNDÃO (PARADOR) [VOLTA],68117.3,335,1.0
902426,,0,-22.849692,-43.397615,1740098070000,0.0,,,,89308.1,230,1.0
902427,,43,-22.839482,-43.240402,1740099800000,0.0,,ida,43 - FUNDÃO X SANTA EFIGENIA (EXPRESSO) [IDA],21305.7, ,0.0
902428,,80,-22.854541,-43.251418,1740100133000,0.0,,ida,80 - PENHA X TIG (PARADOR) [IDA],26832.7,32,0.0
902430,,60,-22.830159,-43.348352,1740100979000,58.4,,ida,60 - TERMINAL DEODORO X TIG (PARADOR) [IDA],35324.3,68,1.0
902440,,31,-22.839614,-43.24027,1740097639000,0.0,,ida,31 - VICENTE DE CARVALHO X ALVORADA (SEMIDIRETO) [IDA],68646.9, ,0.0
902185,,18,-22.972407,-43.401522,1740097693000,0.0,,ida,18 - PONTAL X JARDIM OCEÂNICO (EXPRESSO) [IDA],121928.6,223,0.0
902272,,20,-22.928987,-43.675832,1740100988000,54.4,,ida,20 - SANTA CRUZ X SALVADOR ALLENDE (EXPRESSO) [IDA],85328.1,131,1.0
902155,,46,-23.000687,-43.364798,1740100303000,0.0,,volta,46 - ALVORADA X PENHA (EXPRESSO) [VOLTA],68210.7, ,0.0
902248,,15,-22.917025,-43.684447,1740100977000,25.9,,ida,15 - CURRAL FALSO X ALVORADA [IDA],76876.7,165,1.0
902249,,18,-22.921126,-43.645751,1740096053000,0.0,,ida,18 - PONTAL X JARDIM OCEÂNICO (EXPRESSO) [IDA],119526.2, ,0.0
902278,,19,-22.920217,-43.645971,1740097899000,0.0,,ida,19 - PINGO D'AGUA X SALVADOR ALLENDE (EXPRESSO) [IDA],59540.5, ,0.0
902284,,18,-22.920657,-43.645811,1740100984000,0.0,,ida,18 - PONTAL X JARDIM OCEÂNICO (EXPRESSO) [IDA],98532.0, ,0.0
902415,,52,-23.00142,-43.36684,1740100972000,0.0,,volta,52 - T. ALVORADA X T. DEODORO (PARADOR) [VOLTA],65632.8,87,1.0
902417,,71,-22.849409,-43.398311,1740026166000,0.0,,ida,71 - VIGÁRIO GERAL / PRAÇA DOIS X TIG (EXPRESSO) [iDA],63557.2, ,1.0
902420,,60,-22.848688,-43.397669,1740096288000,0.0,,ida,60 - TERMINAL DEODORO X TIG (PARADOR) [IDA],65017.2,112,0.0
902435,,90,-22.846265,-43.239893,1740100982000,35.5,,ida,90 - FUNDÃO X TIG (PARADOR) [IDA],48482.6,231,1.0
902267,,19,-22.92013,-43.646047,1740100803000,0.0,,ida,19 - PINGO D'AGUA X SALVADOR ALLENDE (EXPRESSO) [IDA],85660.6,285,0.0
861039050288238,,0,-22.848522,-43.396623,1707135466000,0.0,,,,0.5, ,
902447,,31,-22.99973,-43.368644,1740100970000,30.5,,volta,31 - ALVORADA X VICENTE DE CARVALHO (SEMIDIRETO) [VOLTA],57407.3,20,1.0
902437,,80,-22.898381,-43.211795,1740100984000,0.0,,volta,80 - TIG X PENHA (PARADOR) [VOLTA],13098.1,130,1.0
902422,,10,-23.002296,-43.571037,1740100988000,58.3,,volta,10 - ALVORADA X SANTA CRUZ (EXPRESSO) [VOLTA],96045.2,284,1.0
902441,,31,-23.001019,-43.365609,1740100968000,17.1,,volta,31 - ALVORADA X VICENTE DE CARVALHO (SEMIDIRETO) [VOLTA],6431.9,269,1.0
7001,SWK-7A92,ESP01,-22.81739,-43.239346,1740100981000,65.8,,ida,ESP01 - GALEÃO X TIG (DIRETO) [IDA],96121.1,126,1.0
7000,SWJ-2G40,ESP01,-22.893699,-43.21546,1740100962000,50.2,,volta,ESP01 - TIG X GALEÃO (DIRETO) [VOLTA],953.2,339,1.0
7002,SWS6D22,ESP01,-22.899407,-43.210246,1740100988000,0.0,,volta,ESP01 - TIG X GALEÃO (DIRETO) [VOLTA],97717.5,100,1.0
7005,SWS-8A95,ESP01,-22.874808,-43.227347,1740100657000,0.0,,ida,ESP01 - GALEÃO X TIG (DIRETO) [IDA],8878.6, ,0.0
7003,SWU-6E33,ESP01,-22.874863,-43.227323,1740100078000,0.0,,ida,ESP01 - GALEÃO X TIG (DIRETO) [IDA],122610.9, ,0.0
7004,SWH-6A35,ESP01,-22.813201,-43.24645,1740100971000,8.3,,ida,ESP01 - GALEÃO X TIG (DIRETO) [IDA],102938.0,179,1.0
902436,,0,-22.865412,-43.247871,1740100978000,44.8,,,,47888.3,172,1.0
902452,,46,-22.872763,-43.336306,1740100975000,35.8,,volta,46 - ALVORADA X PENHA (EXPRESSO) [VOLTA],7164.3,354,1.0
902450,,31,-22.841277,-43.276172,1740100982000,0.0,,ida,31 - VICENTE DE CARVALHO X ALVORADA (SEMIDIRETO) [IDA],54330.9,289,1.0
902448,,80,-22.860269,-43.247835,1740100964000,0.0,,ida,80 - PENHA X TIG (PARADOR) [IDA],6643.8,183,1.0
902453,,80,-22.854745,-43.251853,1740100064000,0.0,,ida,80 - PENHA X TIG (PARADOR) [IDA],69835.7, ,0.0
902442,,80,-22.854625,-43.251643,1740099713000,0.0,,ida,80 - PENHA X TIG (PARADOR) [IDA],37751.4,205,0.0
902425,,60,-22.848253,-43.39717,1740097714000,0.0,,ida,60 - TERMINAL DEODORO X TIG (PARADOR) [IDA],52847.7,95,0.0
902229,,25,-23.000997,-43.367628,1740099223000,0.0,,volta,25 - ALVORADA X MATO ALTO (PARADOR) [VOLTA],90044.3,127,0.0
902429,,46,-23.001176,-43.36827,1740100983000,0.0,,volta,46 - ALVORADA X PENHA (EXPRESSO) [VOLTA],43564.4,147,1.0
902418,,51,-22.849484,-43.39713,1739929315000,0.0,,volta,51 - T. RECREIO X T.DEODORO (PARADOR) [VOLTA],60882.4,239,1.0
902446,,0,-22.839581,-43.240258,1740099648000,0.0,,,,33486.1,195,0.0
902318,,60,-22.898285,-43.211383,1740100980000,0.0,,volta,60 - TIG  X  TERMINAL DEODORO (PARADOR) [VOLTA],75165.6, ,1.0
902433,,60,-22.849926,-43.398734,1740100877000,0.0,,ida,60 - TERMINAL DEODORO X TIG (PARADOR) [IDA],48236.3, ,1.0
902302,,51,-22.850266,-43.398113,1740100059000,0.0,,volta,51 - T. RECREIO X T.DEODORO (PARADOR) [VOLTA],75710.2, ,0.0
902424,,80,-22.898542,-43.211338,1740100933000,0.0,,volta,80 - TIG X PENHA (PARADOR) [VOLTA],59349.0,59,1.0
902324,,60,-22.848909,-43.397299,1740100977000,0.0,,ida,60 - TERMINAL DEODORO X TIG (PARADOR) [IDA],54987.4,107,1.0
902444,,90,-22.859887,-43.247747,1740100985000,22.5,,volta,90 - TIG x FUNDÃO (PARADOR) [VOLTA],21755.1, ,1.0
902389,,35,-22.888292,-43.345732,1740100987000,0.0,,volta,35 - ALVORADA  X  MADUREIRA (PARADOR) [VOLTA],2929.6,278,1.0
902358,,60,-22.848947,-43.397503,1740100732000,0.0,,ida,60 - TERMINAL DEODORO X TIG (PARADOR) [IDA],3821.7,87,0.0
902393,,60,-22.849106,-43.397281,1740099325000,0.0,,ida,60 - TERMINAL DEODORO X TIG (PARADOR) [IDA],4188.899,122,0.0
902385,,0,-22.848876,-43.397372,1740100965000,0.0,,,,4443.8,102,1.0
902379,,52,-22.848795,-43.397541,1740100733000,0.0,,ida,52 - T. DEODORO X T. ALVORADA (PARADOR) [IDA],2084.6,110,0.0
902381,,52,-23.001345,-43.36817,1740100982000,0.0,,volta,52 - T. ALVORADA X T. DEODORO (PARADOR) [VOLTA],2462.0,133,1.0
902342,,60,-22.848992,-43.397212,1740100790000,0.0,,ida,60 - TERMINAL DEODORO X TIG (PARADOR) [IDA],3468.0,111,0.0
902357,,80,-22.849815,-43.398417,1740100973000,0.0,,ida,80 - PENHA X TIG (PARADOR) [IDA],4021.5,210,1.0
902384,,60,-22.849829,-43.398524,1740100134000,0.0,,ida,60 - TERMINAL DEODORO X TIG (PARADOR) [IDA],59302.7, ,0.0
902378,,60,-22.84826,-43.397035,1740099590000,0.0,,ida,60 - TERMINAL DEODORO X TIG (PARADOR) [IDA],4963.4,109,0.0
902333,,60,-22.849414,-43.39835,1740100968000,0.0,,ida,60 - TERMINAL DEODORO X TIG (PARADOR) [IDA],3448.5,230,0.0
902351,,60,-22.848343,-43.39705,1740100118000,0.0,,ida,60 - TERMINAL DEODORO X TIG (PARADOR) [IDA],4405.3,250,0.0
902438,,31,-22.845061,-43.301456,1740100988000,32.5,,ida,31 - VICENTE DE CARVALHO X ALVORADA (SEMIDIRETO) [IDA],38704.9,30,1.0
902404,,0,-22.84834,-43.396682,1740099923000,0.0,,,,3253.9,80,0.0
902373,,60,-22.848389,-43.39668,1740100815000,0.0,,ida,60 - TERMINAL DEODORO X TIG (PARADOR) [IDA],2114.3,61,0.0
902367,,60,-22.84883,-43.397696,1740100572000,0.0,,ida,60 - TERMINAL DEODORO X TIG (PARADOR) [IDA],4614.5,101,0.0
902376,,60,-22.849493,-43.396998,1740100982000,0.0,,ida,60 - TERMINAL DEODORO X TIG (PARADOR) [IDA],2950.7,215,1.0
902386,,51,-22.870616,-43.410273,1740100977000,57.7,,volta,51 - T. RECREIO X T.DEODORO (PARADOR) [VOLTA],2156.0,317,1.0
902331,,60,-22.848731,-43.397488,1740100418000,0.0,,ida,60 - TERMINAL DEODORO X TIG (PARADOR) [IDA],3984.8,107,0.0
902395,,60,-22.847977,-43.3965,1739419631000,0.0,,ida,60 - TERMINAL DEODORO X TIG (PARADOR) [IDA],0.0,129,0.0
902391,,52,-22.822059,-43.3255,1740100964000,57.5,,ida,52 - T. DEODORO X T. ALVORADA (PARADOR) [IDA],4238.2,251,1.0
902398,,52,-22.849191,-43.396908,1740100990000,0.0,,ida,52 - T. DEODORO X T. ALVORADA (PARADOR) [IDA],3967.9,221,1.0
902394,,60,-22.852066,-43.383226,1740100961000,0.0,,ida,60 - TERMINAL DEODORO X TIG (PARADOR) [IDA],4064.0,311,1.0
902390,,60,-22.850453,-43.39834,1740100196000,0.0,,ida,60 - TERMINAL DEODORO X TIG (PARADOR) [IDA],3822.4,228,0.0
902403,,80,-22.848335,-43.397008,1740100974000,0.0,,ida,80 - PENHA X TIG (PARADOR) [IDA],2506.6,42,0.0
902365,,71,-22.848025,-43.396599,1739475156000,0.0,,ida,71 - VIGÁRIO GERAL / PRAÇA DOIS X TIG (EXPRESSO) [iDA],0.1,44,0.0
902399,,60,-22.848973,-43.397178,1740100767000,0.0,,ida,60 - TERMINAL DEODORO X TIG (PARADOR) [IDA],2033.0,96,0.0
902359,,60,-22.84983,-43.398461,1740099831000,0.0,,ida,60 - TERMINAL DEODORO X TIG (PARADOR) [IDA],4156.0,234,0.0
902377,,60,-22.849157,-43.39742,1740100882000,0.0,,ida,60 - TERMINAL DEODORO X TIG (PARADOR) [IDA],3221.1,168,0.0
902382,,60,-22.832001,-43.35348,1740099450000,0.0,,volta,60 - TIG  X  TERMINAL DEODORO (PARADOR) [VOLTA],3381.2,242,0.0
902311,,0,-22.850342,-43.397859,1740100966000,0.0,,,,2614.0,119,1.0
902346,,60,-22.853568,-43.384104,1740100990000,0.0,,ida,60 - TERMINAL DEODORO X TIG (PARADOR) [IDA],3428.6,287,1.0
862096070026997,,0,-22.839712,-43.239801,1717589743000,0.0,,,,9.0,141,
902406,,80,-22.848759,-43.265372,1740100965000,0.0,,ida,80 - PENHA X TIG (PARADOR) [IDA],3182.4,154,1.0
902409,,80,-22.850198,-43.398028,1740099842000,0.0,,ida,80 - PENHA X TIG (PARADOR) [IDA],2278.9,128,0.0
902355,,60,-22.848887,-43.397032,1740099403000,0.0,,ida,60 - TERMINAL DEODORO X TIG (PARADOR) [IDA],3576.0,114,0.0
902411,,60,-22.845453,-43.267851,1740100968000,21.2,,ida,60 - TERMINAL DEODORO X TIG (PARADOR) [IDA],4988.0,320,1.0
902401,,60,-22.849108,-43.396736,1740100964000,0.0,,ida,60 - TERMINAL DEODORO X TIG (PARADOR) [IDA],1862.6,226,1.0
902309,,60,-22.850479,-43.398316,1740100322000,0.0,,ida,60 - TERMINAL DEODORO X TIG (PARADOR) [IDA],5007.7,123,0.0
902352,,60,-22.848821,-43.397571,1740099313000,0.0,,ida,60 - TERMINAL DEODORO X TIG (PARADOR) [IDA],3738.2,90,0.0
902336,,71,-22.821036,-43.324496,1740000879000,0.0,,volta,71 - TIG X VIGÁRIO GERAL / PRAÇA DOIS (EXPRESSO) [VOLTA],3657.9,234,1.0
902361,,60,-22.848342,-43.396716,1740099828000,0.0,,ida,60 - TERMINAL DEODORO X TIG (PARADOR) [IDA],3805.6,259,0.0
902380,,52,-22.849179,-43.396975,1740100962000,0.0,,ida,52 - T. DEODORO X T. ALVORADA (PARADOR) [IDA],5161.0,237,1.0
902344,,60,-22.848281,-43.397129,1740100162000,0.0,,ida,60 - TERMINAL DEODORO X TIG (PARADOR) [IDA],3083.4,61,0.0
902343,,46,-22.872681,-43.336375,1740100973000,24.3,,ida,46 - PENHA X ALVORADA (EXPRESSO) [IDA],3500.9,173,1.0
902366,,52,-22.848696,-43.397806,1740100295000,0.0,,ida,52 - T. DEODORO X T. ALVORADA (PARADOR) [IDA],3483.6,107,0.0
902339,,60,-22.83313,-43.356437,1740100972000,55.4,,volta,60 - TIG  X  TERMINAL DEODORO (PARADOR) [VOLTA],2945.0,247,1.0
902383,,61,-22.853883,-43.383944,1740100970000,0.0,,ida,61 - TERMINAL DEODORO X TIG (EXPRESSO) [IDA],3657.0,293,1.0
902407,,60,-22.876121,-43.242289,1740100971000,44.2,,volta,60 - TIG  X  TERMINAL DEODORO (PARADOR) [VOLTA],3333.8,324,1.0
902340,,60,-22.849999,-43.398739,1740100978000,0.0,,ida,60 - TERMINAL DEODORO X TIG (PARADOR) [IDA],3743.3,226,0.0
902410,,60,-22.848296,-43.396792,1740100752000,0.0,,ida,60 - TERMINAL DEODORO X TIG (PARADOR) [IDA],2726.2,37,0.0
902348,,60,-22.848237,-43.396832,1740100699000,0.0,,ida,60 - TERMINAL DEODORO X TIG (PARADOR) [IDA],1332.9,72,0.0
902372,,60,-22.850075,-43.398086,1740099227000,0.0,,ida,60 - TERMINAL DEODORO X TIG (PARADOR) [IDA],1970.1,294,0.0
867488060828448,,0,-22.957767,-43.347062,1724717247000,0.0,,,,61.9,217,1.0
902388,,60,-22.848786,-43.397522,1740100604000,0.0,,ida,60 - TERMINAL DEODORO X TIG (PARADOR) [IDA],3461.4,98,0.0
902392,,60,-22.85048,-43.398351,1740098766000,0.0,,ida,60 - TERMINAL DEODORO X TIG (PARADOR) [IDA],55810.2,227,0.0
902397,,60,-22.814769,-43.292641,1740100977000,35.3,,volta,60 - TIG  X  TERMINAL DEODORO (PARADOR) [VOLTA],57312.6,286,1.0
902370,,60,-22.898723,-43.210844,1740100969000,0.0,,volta,60 - TIG  X  TERMINAL DEODORO (PARADOR) [VOLTA],2980.9,130,1.0
902405,,60,-22.849026,-43.384133,1740100969000,34.5,,volta,60 - TIG  X  TERMINAL DEODORO (PARADOR) [VOLTA],3794.3,261,1.0
903065,,14,-22.92031,-43.607226,1740100980000,0.0,,ida,14 - SANTA EUGÊNIA X TERMINAL RECREIO (EXPRESSO) [IDA],1910.0,177,1.0
901110,,67,-22.85515,-43.484747,1740099215000,60.6,,ida,67 - CAMPO GRANDE X TERMINAL DEODORO [IDA],2038.4,96,1.0
901102,,14,-22.919098,-43.607981,1740100919000,0.0,,ida,14 - SANTA EUGÊNIA X TERMINAL RECREIO (EXPRESSO) [IDA],2180.9,342,0.0
901111,,28,-22.965504,-43.647535,1740100987000,0.0,,ida,28 - PINGO D'ÁGUA X CURRAL FALSO [IDA],2096.6,195,1.0
901105,,67,-22.912997,-43.594842,1740100971000,16.9,,ida,67 - CAMPO GRANDE X TERMINAL DEODORO [IDA],2119.1,59,1.0
901103,,17,-22.916822,-43.633154,1740100966000,0.0,,ida,17 - CAMPO GRANDE  X SANTA CRUZ (PARADOR) [IDA],4087.2,256,1.0
901115,,14,-22.919108,-43.607893,1740099483000,0.0,,ida,14 - SANTA EUGÊNIA X TERMINAL RECREIO (EXPRESSO) [IDA],2049.0,180,0.0
901124,,14,-22.919034,-43.607644,1740100346000,0.0,,ida,14 - SANTA EUGÊNIA X TERMINAL RECREIO (EXPRESSO) [IDA],1931.7,185,0.0
901113,,28,-22.913358,-43.595383,1740100970000,22.3,,ida,28 - PINGO D'ÁGUA X CURRAL FALSO [IDA],3829.5,61,1.0
901141,,67,-22.90121,-43.55303,1740100275000,0.0,,ida,67 - CAMPO GRANDE X TERMINAL DEODORO [IDA],2701.9,51,0.0
901151,,14,-22.92033,-43.608128,1740100964000,0.0,,ida,14 - SANTA EUGÊNIA X TERMINAL RECREIO (EXPRESSO) [IDA],5968.3,185,0.0
901129,,28,-22.936803,-43.667417,1740100966000,0.0,,volta,28 - CURRAL FALSO X PINGO D'ÁGUA [VOLTA],1760.7,30,1.0
901118,,14,-22.919113,-43.60791,1740100565000,0.0,,ida,14 - SANTA EUGÊNIA X TERMINAL RECREIO (EXPRESSO) [IDA],1803.8,183,0.0
901149,,67,-22.854931,-43.48471,1740100936000,50.2,,volta,67 - TERMINAL DEODORO X CAMPO GRANDE [VOLTA],2223.8,275,1.0
901140,,67,-22.909489,-43.580203,1740100989000,60.3,,ida,67 - CAMPO GRANDE X TERMINAL DEODORO [IDA],3753.0,265,1.0
901109,,28,-22.980793,-43.648052,1740100987000,18.7,,volta,28 - CURRAL FALSO X PINGO D'ÁGUA [VOLTA],3902.3,359,1.0
901119,,28,-22.91911,-43.607852,1740099554000,0.0,,ida,28 - PINGO D'ÁGUA X CURRAL FALSO [IDA],6875.1,214,0.0
901122,,28,-22.919631,-43.607253,1740100960000,0.0,,ida,28 - PINGO D'ÁGUA X CURRAL FALSO [IDA],32614.1,95,1.0
901128,,14,-22.920616,-43.608055,1740100208000,0.0,,ida,14 - SANTA EUGÊNIA X TERMINAL RECREIO (EXPRESSO) [IDA],34199.2,236,0.0
901114,,14,-22.919153,-43.607598,1740100126000,0.0,,ida,14 - SANTA EUGÊNIA X TERMINAL RECREIO (EXPRESSO) [IDA],18164.4, ,0.0
901120,,17,-22.930509,-43.65571,1740100969000,42.3,,ida,17 - CAMPO GRANDE  X SANTA CRUZ (PARADOR) [IDA],1942.7,204,1.0
901106,,28,-22.920416,-43.607843,1740100104000,0.0,,ida,28 - PINGO D'ÁGUA X CURRAL FALSO [IDA],33047.6,157,0.0
901107,,28,-22.97613,-43.695035,1740100978000,26.3,,ida,28 - PINGO D'ÁGUA X CURRAL FALSO [IDA],2671.3,33,1.0
901108,,14,-22.912972,-43.594811,1740100977000,13.8,,ida,14 - SANTA EUGÊNIA X TERMINAL RECREIO (EXPRESSO) [IDA],35332.4,63,1.0
901116,,14,-22.919038,-43.607636,1740100259000,0.0,,ida,14 - SANTA EUGÊNIA X TERMINAL RECREIO (EXPRESSO) [IDA],30143.9,178,0.0
901117,,14,-22.919038,-43.607836,1740100795000,0.0,,ida,14 - SANTA EUGÊNIA X TERMINAL RECREIO (EXPRESSO) [IDA],32219.4, ,0.0
901123,,14,-22.919792,-43.608482,1740099773000,0.0,,ida,14 - SANTA EUGÊNIA X TERMINAL RECREIO (EXPRESSO) [IDA],3318.2,270,0.0
901125,,67,-22.860692,-43.408813,1740100970000,59.5,,volta,67 - TERMINAL DEODORO X CAMPO GRANDE [VOLTA],9318.7,241,1.0
901126,,14,-22.919157,-43.607937,1740100535000,0.0,,ida,14 - SANTA EUGÊNIA X TERMINAL RECREIO (EXPRESSO) [IDA],33902.8, ,0.0
901132,,28,-22.986601,-43.654506,1740100975000,21.2,,ida,28 - PINGO D'ÁGUA X CURRAL FALSO [IDA],30662.0,311,1.0
901133,,67,-22.935317,-43.665993,1740100217000,25.3,,ida,67 - CAMPO GRANDE X TERMINAL DEODORO [IDA],35063.2,233,1.0
901134,,14,-22.974605,-43.69415,1740100978000,0.1,,ida,14 - SANTA EUGÊNIA X TERMINAL RECREIO (EXPRESSO) [IDA],51796.6,212,1.0
901136,,0,-22.919121,-43.607619,1740099065000,0.0,,,,32511.4, ,0.0
901137,,28,-22.936393,-43.666842,1740100982000,36.9,,ida,28 - PINGO D'ÁGUA X CURRAL FALSO [IDA],33421.699,5,1.0
901139,,28,-22.949053,-43.680778,1740100977000,33.3,,ida,28 - PINGO D'ÁGUA X CURRAL FALSO [IDA],4877.0,39,1.0
901143,,28,-22.919071,-43.608077,1740100860000,0.0,,ida,28 - PINGO D'ÁGUA X CURRAL FALSO [IDA],6751.9, ,0.0
901144,,28,-22.936728,-43.667258,1740100894000,0.0,,volta,28 - CURRAL FALSO X PINGO D'ÁGUA [VOLTA],30170.1, ,0.0
901145,,14,-22.901842,-43.553774,1740100971000,0.0,,ida,14 - SANTA EUGÊNIA X TERMINAL RECREIO (EXPRESSO) [IDA],4271.3,39,1.0
901147,,14,-22.920192,-43.608352,1740099901000,0.0,,ida,14 - SANTA EUGÊNIA X TERMINAL RECREIO (EXPRESSO) [IDA],28807.9, ,0.0
901153,,28,-22.920309,-43.607243,1740100749000,0.0,,ida,28 - PINGO D'ÁGUA X CURRAL FALSO [IDA],34460.7,178,0.0
901135,,67,-22.92034,-43.608437,1740100033000,0.0,,ida,67 - CAMPO GRANDE X TERMINAL DEODORO [IDA],33088.0, ,0.0
901150,,14,-22.919326,-43.608037,1740100318000,0.0,,ida,14 - SANTA EUGÊNIA X TERMINAL RECREIO (EXPRESSO) [IDA],2578.3,263,0.0
901146,,28,-22.919686,-43.608506,1740099862000,0.0,,ida,28 - PINGO D'ÁGUA X CURRAL FALSO [IDA],2721.1,280,0.0
901121,,17,-22.916072,-43.629941,1740100989000,0.0,,volta,17 - SANTA CRUZ X CAMPO GRANDE (PARADOR) [VOLTA],6910.0,81,1.0
901142,,14,-22.919683,-43.608517,1740100672000,0.0,,ida,14 - SANTA EUGÊNIA X TERMINAL RECREIO (EXPRESSO) [IDA],15721.7,273,0.0
901104,,28,-22.937009,-43.667591,1740100980000,0.0,,volta,28 - CURRAL FALSO X PINGO D'ÁGUA [VOLTA],23437.7,38,1.0
901112,,67,-22.920152,-43.608437,1740099229000,0.0,,ida,67 - CAMPO GRANDE X TERMINAL DEODORO [IDA],22434.9, ,0.0
901127,,14,-22.919686,-43.608559,1740100686000,0.0,,ida,14 - SANTA EUGÊNIA X TERMINAL RECREIO (EXPRESSO) [IDA],31456.5, ,0.0
901130,,67,-22.919286,-43.60788,1740100473000,0.0,,ida,67 - CAMPO GRANDE X TERMINAL DEODORO [IDA],53435.5,269,0.0
901131,,67,-22.901212,-43.553322,1740100965000,0.0,,ida,67 - CAMPO GRANDE X TERMINAL DEODORO [IDA],33849.0,80,1.0
901152,,67,-22.920313,-43.607988,1739856074000,0.0,,ida,67 - CAMPO GRANDE X TERMINAL DEODORO [IDA],0.0, ,0.0
901148,,17,-22.920972,-43.644391,1740100966000,33.7,,volta,17 - SANTA CRUZ X CAMPO GRANDE (PARADOR) [VOLTA],30829.2,64,1.0
902177,,13,-22.918486,-43.606997,1740100989000,0.0,,ida,13 - MATO ALTO X ALVORADA (EXPRESSO) [IDA],35002.3,177,1.0
901154,,17,-22.920518,-43.60728,1740100976000,0.0,,volta,17 - SANTA CRUZ X CAMPO GRANDE (PARADOR) [VOLTA],20125.9,177,1.0
861039050290499,,0,-22.906338,-43.177584,1732807186000,0.0,,,,0.0, ,1.0
902490,,14,-22.919111,-43.607255,1740099921000,0.0,,ida,14 - SANTA EUGÊNIA X TERMINAL RECREIO (EXPRESSO) [IDA],8823.5,187,0.0
902491,,14,-22.919129,-43.607198,1740099993000,0.0,,ida,14 - SANTA EUGÊNIA X TERMINAL RECREIO (EXPRESSO) [IDA],5872.1,188,0.0
902487,,14,-22.919118,-43.607316,1740100901000,0.0,,ida,14 - SANTA EUGÊNIA X TERMINAL RECREIO (EXPRESSO) [IDA],6003.0,224,0.0
902488,,14,-22.919131,-43.607251,1740100174000,0.0,,ida,14 - SANTA EUGÊNIA X TERMINAL RECREIO (EXPRESSO) [IDA],6631.4,182,0.0
902489,,17,-22.917535,-43.683376,1740100985000,0.0,,volta,17 - SANTA CRUZ X CAMPO GRANDE (PARADOR) [VOLTA],8420.7,341,1.0
00CF000457 - A16 MAX,,0,-23.000411,-43.393521,1739415450000,56.0,,,,0.0,916,0.0
00B8006F63 - A8 PRO,,0,-22.853999,-43.383678,1740100976000,0.0,,,,9499.0,113,1.0
00140007EF,,0,-22.90637,-43.177576,1738930478000,0.0,,,,0.0, ,1.0
